ubigeo,viv_tipo,tic_celular,tic_internet,agua_todos_dias,serv_electricidad,nbi_vivienda,nbi_hacinamiento,nbi_sshh,nbi_educacion,nbi_dependencia,es_jefe,es_mujer,edad,en_pareja,edu_superior,edu_basica,tic_uso_internet,tic_celular_propio,salud_enfermedad_cronica
010101,0.8907539222656324,0.9494386140921596,0.9458232932943844,0.73862721881752,0.9775275828452982,0.04245097014637849,0.011173080587877287,0.025798281857857756,0.0,0.0,0.3344823248472561,1.0,47.066859580810466,0.45627153709303464,0.3842107625161715,0.5295122067809147,0.8223734740125114,0.8900936587144404,0.6792562398936862
010201,0.9435633950506577,0.9402202751631664,0.9315019622776105,0.589231357912164,0.9912816871144441,0.06017782410341964,0.07904944616802424,0.07435043045718645,0.0,0.0,0.33866059014158106,1.0,44.05608733718286,0.4480038986247647,0.3039304186003885,0.673236902158815,0.5483254961847035,0.8830539494368486,0.7029911594172722
010205,0.9445046380479432,0.8141211603238465,0.7706742694150636,0.8478798101148655,0.509441849787943,0.5456595175850126,0.23014414638543076,0.20232712421458687,0.007948478928472696,0.010344377069274742,0.1819054591950437,1.0,41.901769770235354,0.6972379985678093,0.2333277756681246,0.6176306019523464,0.5666534227893065,0.44900060623365423,0.5581613682781613
010401,0.9430558487637503,0.8440554607852413,0.8440554607852413,0.5284633483460892,0.6377709656379967,0.4629925143536044,0.12194603175802206,0.12635205136264402,0.0,0.0,0.25163578621706656,1.0,41.07339051644266,0.6386808793532809,0.15102708524113218,0.7935744799570326,0.41907003788425506,0.5728316816792354,0.39704701820243093
010403,0.7734687328207723,0.531982645656854,0.531982645656854,0.7961545065620473,0.08926976905136777,0.40106502755462015,0.39387447083286564,0.25984654756381714,0.0,0.0,0.131050354609578,1.0,39.986584818829286,0.7352834256234393,0.1064787506913972,0.7598550295416201,0.672577887609623,0.1981259510901007,0.5099700054577531
010701,0.950168431829068,0.9528445873669931,0.9460588579765347,0.23682613959670587,0.9677526301292878,0.039738657068050874,0.061941130672903126,0.03894967671565674,0.0,0.006932076404642201,0.41061739511264556,1.0,45.99599099863042,0.4818236802561638,0.2304058948800863,0.7138690658275236,0.795571005329161,0.8751169586627078,0.6964776498066829
010702,1.0,0.9364926398666085,0.9364926398666085,0.6417696679196964,1.0,0.06306970681163267,0.07354579366611128,0.016444907178344723,0.0,0.0,0.25375099408597407,1.0,46.59915996266105,0.6106746139598009,0.2748920518664908,0.6328681779756254,0.6562352870533843,0.7752880708841883,0.7162290102864879
010705,1.0,0.9390836902725689,0.9390836902725689,0.6704596002388544,0.9701524033943393,0.1577096980217711,0.031068713121770394,0.0,0.0,0.0,0.2832056670249624,1.0,55.780362820486104,0.6528632822669824,0.06393105070805521,0.7783592512701737,0.7524998358382816,0.6284726596741653,0.7204576825233667
020101,0.9005095936483459,0.935090805642381,0.9127340539805346,0.9352532940357715,0.9911244684556321,0.0525009696665637,0.02892943891965903,0.07804197166179677,0.0,0.0,0.3410414772505466,1.0,46.521716326060925,0.4260329132405808,0.4076956267544179,0.5050865035817628,0.7972817762565972,0.8438950779387643,0.6973511844275805
020105,0.9710015743823007,0.9152923871242418,0.9087395472375116,0.8678318815123814,0.9934471601132698,0.0,0.017029447410061384,0.006552839886730122,0.0,0.017029447410061384,0.3415308445327751,1.0,51.14971846000573,0.45979940651556794,0.3890953751365953,0.5010055480566606,0.7343682727120725,0.8296967043818381,0.7888167284734274
020601,1.0,0.9617109459144361,0.9617109459144361,1.0,0.9425664188716542,0.0,0.0,0.3819656310399384,0.0,0.0,0.23937650401598445,1.0,49.47286215317042,0.6025850072749034,0.19008961548834127,0.5704369094418884,0.7786299781181674,0.719457420926368,0.8419615112908878
020801,1.0,1.0,1.0,0.9677886894689419,1.0,0.17956222163326305,0.04761194501986226,0.036744605309048675,0.0,0.0,0.34900481698790425,1.0,38.67280739813532,0.5025651189420189,0.1981013358965208,0.7526094895980651,0.9949906200821285,0.9542274701234541,0.6654965657430999
021101,1.0,1.0,0.9763821732106829,1.0,1.0,0.17955899208976944,0.023617826789317085,0.0,0.0,0.023617826789317085,0.35372807876687473,1.0,46.857104772769134,0.5757040627077339,0.39515564672238546,0.5436601169769903,1.0,0.9539830879145025,0.8301102519775576
021201,0.9819452442157799,0.9851549311259062,0.9671001753416861,0.9698624685213162,1.0,0.0,0.05416426735266024,0.014845068874093788,0.0,0.0,0.31828010611332364,1.0,47.04384286771563,0.6751320852480758,0.27212432389014374,0.6512978273374882,0.6853647109133179,0.857548993797188,0.7249152643752925
021801,0.9552474205150168,0.9943718263807962,0.9943718263807962,0.9931808703488154,0.9832749910609092,0.07657513508031946,0.025470379932890364,0.003115242626792651,0.0,0.0,0.2815307661840829,1.0,46.09851778940178,0.40639611207468296,0.3223517464041471,0.6587214653122153,0.9606891826330857,0.9056413773264929,0.691198166292777
021809,0.9877194887305626,1.0,1.0,1.0,1.0,0.1795772295697882,0.01851918743386155,0.013543247456450972,0.0,0.00903767854153741,0.2998182653565369,1.0,43.32110886906058,0.4917058244595873,0.430349096350567,0.5519008952869788,0.989618576406376,0.9389593252804012,0.73499511906376
022001,1.0,0.8994607200568058,0.8608583600046181,1.0,1.0,0.0,0.06201377101623781,0.06201377101623781,0.0,0.0,0.37244878879879634,1.0,55.08111061573337,0.46021436210152084,0.050379587979393126,0.8724156919162316,0.5521678587668666,0.680594102014003,0.8610782560202102
030101,0.9123647053422186,1.0,1.0,0.9858063011077968,0.9944203142059667,0.0,0.08092234725347021,0.005579685794033349,0.0,0.020686071197666547,0.3978542473819778,1.0,46.018543511489945,0.4792188029262079,0.3974036137202637,0.48495615271829046,0.7490364051365146,0.8670629783506945,0.6582217518287244
030104,0.8506031246800352,0.9852428875140925,0.9852428875140925,1.0,1.0,0.0,0.0,0.0,0.0,0.0,0.22697358508478266,1.0,47.87615021734969,0.571713381249404,0.29996662204717506,0.5937349686833372,0.670195681183985,0.8937015907305123,0.6353243630391359
030109,0.8871959804981163,0.9421184021257466,0.9421184021257466,1.0,1.0,0.033040321348213685,0.0578815978742534,0.0,0.0,0.0,0.5370182421536683,1.0,44.05191407879213,0.3045701635276946,0.42649491498071235,0.5735050850192877,0.9236945508480698,0.9421184021257466,0.7404299525190589
030201,0.9284381474751557,0.9713374407908106,0.9713374407908106,1.0,1.0,0.03416199421152497,0.05675375846923602,0.01910837280612621,0.0,0.0,0.4052469750805524,1.0,46.07348761046159,0.4521611322015107,0.25086102134641297,0.6014240170006643,0.6358584059859673,0.9291296835638562,0.7369055179269629
030209,1.0,0.9063521874062983,0.9063521874062983,1.0,1.0,0.0,0.0,0.0,0.0,0.0,0.15389968965513828,1.0,47.58804685157458,0.5,0.12704374812596672,0.62377375112442,0.6402112417901228,0.6286787466267401,0.7508174992503867
030213,0.9599841851594499,0.9824810389920436,0.9824810389920436,1.0,1.0,0.0,0.01751896100795639,0.03503792201591278,0.0,0.04001581484055008,0.19758242100004,1.0,48.89853056393481,0.722683451793976,0.260028048296115,0.4575734677611062,0.5858577077743538,0.7723575498086845,0.6024055461742784
030216,0.8686407189142973,0.9756641688822731,0.9756641688822731,0.9346782323961489,1.0,0.0,0.0,0.0,0.0,0.0,0.2349980454721174,1.0,51.26213785641559,0.5383926359675522,0.4200825870338107,0.45823825737755525,0.3147182595510818,0.8560783002899187,0.7003831880864891
040101,0.9500681707454038,1.0,0.9793451453523286,1.0,1.0,0.0,0.01866060194152852,0.0,0.0,0.0,0.262594034344792,1.0,55.65105588462413,0.49502146774904693,0.7993328383185234,0.20066716168147652,0.933476303498128,0.9217740962082607,0.7747653558483475
040102,0.9820393169744727,1.0,0.9703943673755449,0.9401515639506918,1.0,0.0,0.009593300426810968,0.0,0.0,0.0,0.34400830386646253,1.0,46.709268931084544,0.39295558085498894,0.5601594382842366,0.4242441409356127,0.9476958855312403,0.9117393622024443,0.6029961788157705
040103,0.9707320989847711,1.0,0.9782923270802572,0.9953814290799814,0.9865138539446959,0.0,0.018617313259757327,0.004495382018434698,0.0,0.0,0.29865063987704205,1.0,42.38880209998951,0.4226509371189072,0.5180807823543367,0.44055314378752664,0.9293535800706025,0.94344844265131,0.6355226908912078
040104,0.9798107100832826,0.989378376133026,0.9656096504417125,0.8849330184966517,0.9928452582064147,0.007586083817198106,0.032184884949553134,0.0,0.0031624943128436534,0.0,0.30504988610379336,1.0,41.58217405276193,0.451678398749466,0.3950007095178145,0.5658677663796341,0.9334835035508802,0.9564245948334841,0.5639225851579343
040107,0.918126931518015,0.9795317336531275,0.9795317336531275,1.0,1.0,0.0,0.0,0.0,0.0272910228273283,0.006301058664489116,0.18846477573176715,1.0,47.531903079822754,0.43306465143333017,0.42624189495287435,0.4588026199455192,0.9268169608337103,0.8918552353405835,0.6235801103141666
040108,1.0,0.9837914926427147,0.9315219449254745,0.7846758889055242,0.894157118406445,0.0902421347944584,0.066061696100962,0.0,0.0,0.03024082331244431,0.3224234410749115,1.0,48.4014979328731,0.5048953119042234,0.25652579305813306,0.6145145052424528,0.8218210139610902,0.8202721699099049,0.4974965699559143
040109,0.9777230704791001,1.0,0.9824192292867928,0.9443210513722478,1.0,0.0,0.0,0.0,0.0,0.03361154185676374,0.4124637161741884,1.0,42.91940587045182,0.4395709061674694,0.4627669397823839,0.468673549051784,0.8831373264835919,0.9451994808829068,0.6434141082720489
040110,0.9116155681763876,1.0,1.0,0.9441652852695057,1.0,0.0,0.05535915885790511,0.0,0.0,0.0,0.3302301219833626,1.0,46.40790926825287,0.5134564046501939,0.48212858361408933,0.48819994931876415,0.839794609853128,0.9633040583203915,0.5236460363899992
040112,0.9449878462197954,0.9840981160827126,0.9596945356463017,0.8662859063040789,1.0,0.0,0.005152788042259227,0.0,0.0,0.0,0.25466731429028755,1.0,46.2869987996702,0.3979683648125274,0.5265165933873897,0.4047050410375505,0.9004384253809081,0.9089178283395892,0.6394291245775411
040122,0.99757219262191,1.0,0.9400642845722986,1.0,1.0,0.0,0.03193354700949613,0.0,0.0,0.044944563992334284,0.2620866909036543,1.0,45.960903114041464,0.4836608842717766,0.48664357736871056,0.4459323540643463,0.9478568526389753,0.889077250930162,0.5755341857234848
040126,1.0,1.0,1.0,1.0,1.0,0.0,0.0,0.0,0.0,0.0,0.3693367008373985,1.0,49.86143105920938,0.36182684692576833,0.8515747075323495,0.14842529246765052,0.9809205130980762,0.9870055773279951,0.5287290532057735
040128,0.9916613948534908,1.0,0.9759408015873307,0.852836210167579,0.9256465367652739,0.0,0.10552401771439154,0.0,0.0,0.0,0.37732358482883727,1.0,40.23423594229386,0.4828868819957373,0.2667940876406971,0.6845569676760774,0.8239977926645843,0.9673395624978197,0.578314489896918
040129,1.0,0.9678162364841227,0.9659555654124934,1.0,1.0,0.0,0.0,0.0,0.0,0.0,0.23981040835643852,1.0,46.69301542849358,0.5792480826408044,0.45957929388240215,0.5188703199484445,0.9020002557389297,0.9103607446558335,0.6938614873238581
040520,0.9216234891155617,0.9917173620893057,0.9735670996822673,0.8890873032458145,0.9917173620893057,0.10559719348705786,0.09706378940831523,0.0,0.0,0.01545322984387435,0.31619851937180615,1.0,40.90433759628784,0.514947033150402,0.30946048997553455,0.6328616171947211,0.8372697170752031,0.9340876930119242,0.47926058663983334
050101,0.731533508240204,0.9723210058444001,0.9647223381094728,0.9679288534812026,0.9888560094329493,0.010690382172932448,0.03716210012371551,0.023401871660754924,0.0,0.05852122027939134,0.3867823096645126,1.0,46.13726004465143,0.4204360038232229,0.4183317022824431,0.4512784434791811,0.6772952115669602,0.8274881701500982,0.5188059712329907
050104,0.840580932989487,0.9644658927510875,0.9644658927510875,0.9726665915448944,0.9920675753675018,0.0,0.0,0.023797273897494794,0.0,0.0,0.40984108531688224,1.0,44.540615086769755,0.4604826517212602,0.4378051455950113,0.3864082853943389,0.6863702707665947,0.8810830867141196,0.48787965460450117
050110,0.890142026350324,0.9459948202905948,0.9459948202905948,0.8987618457453886,0.9114041770330148,0.01373174342885303,0.030168351095332294,0.0,0.0,0.0,0.3376129758408273,1.0,38.5956011427577,0.46893216572449986,0.40278157093784694,0.5285946514068816,0.7255993069424544,0.8487811412389237,0.3925076506105566
050114,1.0,0.8638120351405786,0.8638120351405786,0.9729684029835041,0.9719778192904736,0.026934745360167992,0.10991385213938887,0.1918055235692513,0.0,0.0,0.27128849436948443,1.0,48.462538403504865,0.568190468818866,0.05320885808020057,0.5414895533896105,0.5012598431123535,0.56733686340042,0.5373327847704873
050116,0.8530862928270794,0.9539771995255343,0.9539771995255343,1.0,0.9539771995255343,0.0,0.09994705132779419,0.0,0.0,0.04602280047446569,0.32166010062402295,1.0,42.39242568280207,0.41387268323512844,0.3322823379578774,0.44860220480743157,0.8554200493206963,0.903299317182689,0.47352933588765717
050401,0.9166657423636225,1.0,1.0,0.8626836015776489,1.0,0.0,0.0,0.0,0.0,0.0,0.352997969483294,1.0,48.76371072186061,0.5623350303881874,0.3878850148459368,0.464096502573669,0.6122191316010704,0.8390685381956859,0.5708470742940396
050601,0.8153007467872854,0.8335657444184307,0.8335657444184307,1.0,0.9593502949703997,0.0,0.044700102583589654,0.046610050294423555,0.0,0.0,0.6085321405632579,1.0,56.63555036185248,0.3191569231876774,0.448845516652348,0.2900090440770627,0.767843084479332,0.7929160393888304,0.5585055194163272
060101,0.8717923920359787,0.9619898823888172,0.973417664863367,0.7786813214499445,0.9703848947733884,0.01895169002826688,0.08149393210637364,0.022855564075498776,0.0,0.038905896586555626,0.30706928142457707,1.0,45.37790912967897,0.5208116975425034,0.37618484782063005,0.46317019871759213,0.8032416433537508,0.8903546565485925,0.6100526484084334
060108,0.9502244958056862,0.922194285005321,0.922194285005321,0.9983269684327805,0.9887942169990203,0.011205783000979757,0.03996949727983067,0.0,0.011205783000979757,0.0,0.27516553124515325,1.0,43.70287126536095,0.507165201945137,0.2700731963320341,0.4819887241938014,0.7308802326991779,0.8560620070004128,0.461904702972621
060201,0.9307123585838729,0.9180344284802667,1.0,0.9224155345512931,0.9005166737816148,0.028304855656260508,0.0,0.0,0.0,0.0,0.2800081173230112,1.0,43.8695548149232,0.7283251489637884,0.17998367965464732,0.6631449451978332,0.5685808880988303,0.9219534812345469,0.5960403606306641
060203,1.0,0.9181518357928958,0.9181518357928958,0.9422853307090757,0.8908691143905277,0.0,0.027282721402368055,0.0,0.027282721402368055,0.0,0.37193716873588384,1.0,49.63728900924486,0.36740620609604574,0.07850785390801453,0.6291376602432868,0.788558885238981,0.7121764767911394,0.5233470849329042
060301,0.8226060724815972,1.0,1.0,0.860769528367857,1.0,0.0,0.0,0.0,0.0,0.0,0.4882872541440452,1.0,44.39211546176715,0.4055148602958973,0.47084172294241705,0.4530382976161939,0.6756198900118573,0.8927738202883349,0.42138868672487595
060401,0.839971752242051,0.916950592197191,0.8752658774099171,0.5452193699034568,0.9791214303827657,0.010421178696818457,0.012341542052556631,0.010010626366086399,0.0,0.0,0.3310985260078057,1.0,45.74480271281111,0.459330261462447,0.4118056892553567,0.364832436246625,0.7643242895240463,0.7566650377817318,0.5855264345347283
060601,0.766848253839924,0.960006059846293,0.946497350271314,0.7435952043351424,1.0,0.0,0.06913719685036755,0.0,0.0,0.0,0.35704705871676456,1.0,50.88876389970145,0.566175738003224,0.1965524338189679,0.6512825992790524,0.7791362248674791,0.7458216364548621,0.6650207971070844
060701,0.9843817473573245,0.918130561169509,0.8647982799122527,0.7782459385573371,0.9683138015579873,0.02361158455369835,0.1320980752961993,0.01600055170991664,0.0,0.010852549112376318,0.2736172793084345,1.0,46.16170612804317,0.5677560562998892,0.23811054553669384,0.49864511786779636,0.7173724958192835,0.7582601294422202,0.5285335749493628
060801,0.9191723793429211,0.9406202110433476,0.9358498280983194,0.9797567823266342,1.0,0.0515574453537083,0.0857434241243882,0.030000630847323705,0.0,0.0,0.2857309062808174,1.0,50.94771381698402,0.6397728703396781,0.19386864247180607,0.6407661980499787,0.4783125508803537,0.7564466933599765,0.5582004281386577
060901,0.9773637453894538,0.9651840611864009,0.9651840611864009,0.8450002772745727,1.0,0.06812137429290334,0.03406068714645167,0.03406068714645167,0.03406068714645167,0.0,0.3228514704990677,1.0,47.49413264247876,0.619696336076787,0.17442903771020807,0.6545122748903861,0.6926999563352749,0.7608199383076909,0.7014699592668796
061201,1.0,0.8363868679712743,0.8363868679712743,0.7707845926431833,1.0,0.0,0.07483114708665177,0.0,0.0,0.0,0.3673025470003202,1.0,57.748304197795406,0.5004125908982678,0.14445946933343612,0.5718171437684503,0.7644263742868728,0.735430275797176,0.6440468784351683
070101,0.8443454651037196,0.9915561684441939,0.9630757261304576,0.9780490414297864,1.0,0.017212386009146697,0.020361650131028072,0.0013698271908871237,0.003042410045990314,0.0,0.3079093569279182,1.0,47.86457937423089,0.42154717493919974,0.3786732883179561,0.6006309543882422,0.7473871853875682,0.9044276355622431,0.6011191836177667
070102,0.9022718304485153,0.9725720943290314,0.9402857417681036,1.0,0.9959372518561083,0.0,0.0,0.0,0.0,0.0,0.39909809399720775,1.0,56.382279439005,0.3698491006542566,0.44599543155229415,0.5498405273137228,0.6693051358597291,0.855403564600008,0.6502381392357314
070103,0.9754998092414165,1.0,0.9299897968656348,1.0,1.0,0.0,0.11765501735468517,0.02450019075858345,0.0,0.0,0.34834848376212296,1.0,50.93002267883629,0.49212976773966155,0.4011861990335312,0.5288035978321035,0.7643985401164252,0.8796338480516209,0.664869073870036
070104,0.8611637360650514,0.9836179210248264,0.9836179210248264,1.0,1.0,0.0,0.0,0.0,0.0,0.058111279149942886,0.295206008597336,1.0,50.835804390151196,0.4435710721349751,0.4017790865443761,0.5982209134556239,0.8518760641531768,0.9286446130501145,0.6011331498534614
070106,0.9738983931709773,0.998024145645538,0.9310245649424275,0.9380476659757956,0.99012072822769,0.09290242481547889,0.038581195150402335,0.05897012413375263,0.0,0.0017947214054306671,0.34647913783526335,1.0,41.90898881830481,0.4730907860341266,0.3067111441735415,0.6698760789718168,0.8256083310405156,0.9218116623096061,0.5347641584841638
070107,0.9646158505752616,1.0,0.9268037374924789,1.0,1.0,0.05314074956381257,0.032956185766694394,0.0,0.0,0.0,0.3237967159491554,1.0,42.189489422728094,0.5039967310833895,0.3341072033210473,0.6658927966789526,0.7523406641833446,0.9417700976349832,0.5905537354372133
080101,0.9095744591963909,0.9906114915395232,0.9651236042635221,0.9359711107796361,1.0,0.0,0.0950563268688534,0.018777016920953613,0.0,0.0,0.2341954494042826,1.0,44.07831996728452,0.5089970515006016,0.4496660433305074,0.49807421639429345,0.9217150680100823,0.9096047943382621,0.5870918670663795
080104,0.937502971982338,1.0,1.0,1.0,1.0,0.0,0.03361219156483275,0.0,0.0,0.0,0.15066494059985733,1.0,43.31635657189009,0.49999008669073153,0.5225294434160463,0.421888630553508,0.8432507942544659,0.9249514740733242,0.6272751473909214
080105,0.8390813557330804,1.0,0.9992676465462943,0.8866150849308003,1.0,0.042965961010104955,0.021482980505052478,0.002599088442974891,0.0,0.0,0.36203105182575307,1.0,44.969743231159654,0.5296641349831913,0.45855424295602726,0.5075073129472716,0.9005068760918244,0.9845637125887217,0.558173026233502
080106,0.7838598331549256,0.9938203692093226,0.9938203692093226,0.9537507513704063,1.0,0.0,0.0363439311902006,0.0,0.0,0.0,0.33367111957687645,1.0,43.99548284580008,0.48299936594537546,0.42928391732755045,0.5380807359170174,0.8517694051647351,0.9274435065959347,0.4758627753715279
080108,0.9948185350776568,1.0,1.0,1.0,1.0,0.0,0.07969238671893683,0.0,0.0,0.0,0.3517744021267461,1.0,47.97073651854017,0.5160752858765605,0.8601049742089376,0.13989502579106233,1.0,0.9757486913488786,0.4377055431641051
080601,0.7095487527813301,1.0,0.953149474533937,1.0,1.0,0.0,0.043966437886297664,0.008618895231612649,0.0,0.0,0.4127645412805097,1.0,48.91020421225079,0.4486576807681921,0.3637367198810043,0.5346736533597974,0.7118939074580031,0.8904314104895747,0.615333725022937
080701,0.9534972938616292,0.92707128414397,0.92707128414397,1.0,0.9030140444938997,0.033655499578486375,0.04650270613837083,0.0546965368920225,0.0,0.0,0.08835203647050888,1.0,43.891388295391934,0.7034244167826416,0.17316361799359886,0.6583261398190351,0.7400428670472261,0.7781976500953758,0.5721101291211808
080801,0.8649329800063971,0.961711433065152,0.95078364286947,0.682542898439404,0.9700428788971353,0.0,0.07977812183518984,0.009985707034288242,0.0,0.0,0.3943577850502648,1.0,43.556594738637685,0.5088637618909803,0.3373773267678327,0.588610768295716,0.9022821076952134,0.9076709421972773,0.46961809727725434
080901,0.731417050352586,0.9669156967607765,0.9669156967607765,0.984020583413966,0.9842719091300794,0.015728090869920552,0.032270242489532315,0.015728090869920552,0.0,0.08770762185718606,0.3145956134870771,1.0,43.34112227134131,0.5448207900030305,0.25618532045866205,0.6227978596827334,0.6819309316580724,0.8993505867500359,0.5215727112376115
080902,0.8458949954710838,0.980113210470751,0.980113210470751,1.0,0.980113210470751,0.1497338610771213,0.01935257882320105,0.03781626961467233,0.0,0.0,0.3629650234877366,1.0,44.636086909294164,0.56720295087782,0.10898162729671033,0.7737447116618043,0.9238327776904106,0.8308237934094945,0.5640734908131586
090101,0.7699476924395264,0.9708278605324495,0.9206031698308257,0.9743942638322209,0.9513260607309832,0.032496704984439594,0.04445502741723109,0.047500067355975305,0.002583811705438811,0.0032225414157075506,0.4615723370335421,1.0,45.77648835124709,0.4392466501410215,0.4625195254320444,0.4516619869353856,0.8968305234754983,0.9458412280098618,0.4074263651579838
090103,1.0,0.898652742916992,0.898652742916992,0.9873981272328729,1.0,0.0,0.0,0.13468095282359616,0.0,0.0,0.23513077927231213,1.0,49.98885489667964,0.6551763257839627,0.09655619311943901,0.7108712525486152,0.7929411246883072,0.7093139272263238,0.40190523481560514
090117,1.0,0.9439646736000603,0.9080630496447307,0.7318013604763771,1.0,0.0,0.054448064625592096,0.11150422206693018,0.0,0.035405807414454656,0.25630197527344395,1.0,44.35146632508443,0.5088337983055952,0.03565371568489213,0.7487369162796847,1.0,0.6710512398528616,0.23458101105448634
090118,0.8931469287194225,0.9754384542995364,0.9754384542995364,1.0,0.9508769085990728,0.03684231855069541,0.052349278610223204,0.08269276239878037,0.0,0.0,0.2627518813343649,1.0,39.277196935779365,0.40039252103254475,0.47352415948606474,0.4004419248023212,0.9849484141235759,0.9384574238251395,0.33634611590253555
090203,1.0,0.905009231165108,0.8745372141588922,0.8930639330403047,0.9695279829937842,0.0,0.03225937591433811,0.22224091358412212,0.0,0.0,0.34204983745324036,1.0,49.1173200403544,0.7188941965591912,0.0,0.5657863246978624,0.7199753701064877,0.6848474617367307,0.3407184801277455
090301,0.9915174443820606,0.9320197676738734,0.8961557363537171,0.9518755085607982,0.9314624284584804,0.0,0.0157794308952887,0.052200801430837926,0.0,0.0,0.2735517324522143,1.0,50.30776412016177,0.5972242601331921,0.23876304454640182,0.4715466474403722,0.8307957553198527,0.8266225465651439,0.37537568803368804
090701,0.7896855129342966,0.9671282588101797,0.9342565176203594,1.0,0.9850093402431904,0.01499065975680955,0.0,0.0,0.0,0.0,0.597003170897788,1.0,55.53868003806838,0.44911921412281147,0.2705974827482512,0.4380201600477472,0.4896480714732362,0.9049426541104363,0.596335714894092
090706,0.9542386145542183,0.9654373619865309,0.9654373619865309,0.37296694695467886,0.9768777083479763,0.0,0.14185605892756184,0.06936687495607122,0.02482134008817333,0.0,0.34178166235672447,1.0,42.405732037200636,0.5759536668187422,0.24232308093039207,0.5530729740958513,0.9477576095126924,0.8333226009842648,0.21462103075593222
100101,0.9412685789396441,0.9998765484885987,0.9884157920934807,0.8060871990754104,0.971809966900955,0.0,0.07272873275140346,0.10695561598460207,0.0,0.028223045592682884,0.3326234751164842,1.0,45.98691460548631,0.41987438602686916,0.237934672468095,0.6321983030865176,0.8198642086855329,0.8768525294032543,0.5967225230237673
100102,0.9837979094764047,0.9309445668077293,0.8691127620686885,0.8127355320150248,0.9687160723148227,0.010892498974281201,0.08424123540404725,0.0015535228249460582,0.0,0.0,0.30848775958655705,1.0,47.58621870128206,0.477567184003085,0.2803965645024998,0.559661071029649,0.7824483066026082,0.8816273957205892,0.6390655819894668
100104,1.0,0.9330405846886451,0.9330405846886451,0.630263521671428,0.933598279872067,0.0,0.0,0.06640172012793298,0.0,0.022133906709310994,0.37753147618063587,1.0,46.098470571308326,0.5562758154053895,0.022133906709310994,0.5776430152173202,0.33084029322172814,0.7561783427281156,0.48931640009403465
100109,1.0,0.8501174441771474,0.8501174441771474,0.7914266949081369,1.0,0.0,0.0,0.16086024685384093,0.0,0.0,0.39553821486377305,1.0,47.52983560668347,0.4545792293133744,0.0,0.5736859080823188,0.6316615678083011,0.6319838776376835,0.5153879385269541
100111,0.942227264118757,0.9848405569988609,0.9765294958320648,0.8866169421898902,1.0,0.0,0.036884576956077136,0.0,0.0,0.01458852041801374,0.2553477212423047,1.0,43.7153330175406,0.4828246379982963,0.4096615301646475,0.49300546219477587,0.7916874823164665,0.865400834140278,0.620297529275223
100201,0.9321181059401161,0.9708183331250154,0.9346741313462881,0.9049717820204474,0.8540916656250773,0.0,0.16097065766543336,0.020569583094058198,0.023889461035007453,0.0,0.2998470928916463,1.0,43.70936488337996,0.479805591174105,0.22717130347205414,0.638656012229892,0.8120344891882232,0.8472024377591097,0.6744477270824193
100601,0.9576949073148654,1.0,1.0,0.9203530694997966,1.0,0.02923426364703196,0.10871207400492305,0.08366425761093504,0.0,0.0,0.3863752866550462,1.0,44.26345893259329,0.49755381075818234,0.2646189908958008,0.6068417498535458,0.7075953214195926,0.9474006683501782,0.6148361669888726
100604,0.934266013545849,0.9335817885491143,0.9335817885491143,1.0,0.866823427967976,0.29076969152431487,0.045076415674075984,0.0,0.0,0.0,0.3107417987251829,1.0,41.29781277158338,0.5244171667515031,0.16450212397553357,0.7129928211720834,0.751675228139009,0.8010906800962974,0.6655269376625466
100605,1.0,0.9258388950512362,0.9258388950512362,0.8908591363041571,0.9231045352912383,0.0,0.0557624131350764,0.0635945791619211,0.0,0.0,0.40056796709478354,1.0,46.376860172081585,0.43738262596356287,0.08497579303343136,0.8486952680446496,0.7802546342156852,0.8408631020178049,0.5464039795301381
100801,1.0,0.8327771499365411,0.7996662899619247,1.0,0.49666289961924653,0.10100113011422604,0.13244343989846574,0.4693919653109487,0.03394513506980481,0.13411199008884248,0.2979977397715479,1.0,43.6825537892062,0.5678902701396096,0.0,0.6316091648032773,0.5714285714285714,0.5653874448540445,0.3319428748413527
100804,1.0,0.9084577299735729,0.9084577299735729,0.6948029548663651,0.7152807100415283,0.0,0.0,0.2508410399899325,0.0,0.06775649993707832,0.47453214993078613,1.0,46.64487000125843,0.3390191500566295,0.12205636003523614,0.6271025999748313,0.5971439825868164,0.8135512999874157,0.5321961699886741
110101,0.9959437290080461,0.9947484713867771,0.9842854971653859,0.9501587485506033,0.8883279916870823,0.11761923399492069,0.03207243574053092,0.005591606574029254,0.00012479220761647274,0.0,0.4040954297567788,1.0,45.74541060431747,0.44477185239878936,0.4758784005684984,0.5102061175579451,0.9653716862053161,0.8966816966743711,0.5134436862242369
110102,1.0,0.9865670728611137,0.969327378107265,0.8282734413541342,0.9277099180200868,0.02468397659806305,0.06767221456483284,0.01723969475384863,0.0,0.0,0.42054877616041286,1.0,49.296857919513386,0.43058735890468486,0.3923648827722251,0.5724848529554112,0.9526284592962925,0.8445270528255853,0.6389069204460396
110103,0.9674144791683498,0.9348289583366995,0.9348289583366995,0.24804718196392014,1.0,0.07297175244769401,0.05309087910595035,0.0,0.0,0.0,0.3263897884670005,1.0,43.448171302725335,0.4923631125346306,0.32368092236368196,0.6619488571775322,1.0,0.8463033080523816,0.4218360718619377
110106,0.968644894051971,0.9830556652626287,0.9830556652626287,0.9365386990445428,0.9579460515901544,0.03154046130738419,0.025341298584653758,0.0,0.008559077171872063,0.0,0.3671571584576465,1.0,43.25701338651795,0.4103606464375342,0.4442747377934858,0.5410743012599629,0.91721032962802,0.9268279862794971,0.4786906157100509
110108,0.868030905779046,1.0,1.0,0.4553320191369585,1.0,0.047234815812730056,0.0,0.0,0.0,0.0,0.30865384078207747,1.0,42.67274813729047,0.5271081663434974,0.3079279314154866,0.6920720685845134,0.9701542431221003,0.9030112049019792,0.41641303582249795
110111,1.0,0.9870815522009806,0.9576179170608254,0.404193511171197,0.9351876134869513,0.01880356403175785,0.005885116232738456,0.01230207443765781,0.0,0.0,0.3869251240648869,1.0,48.42761135778248,0.4795335528617897,0.22322713017276327,0.6738069948216369,0.9845438823963867,0.7889022813189251,0.580713293219187
110112,0.9777622347944338,0.9780192939258187,0.9780192939258187,0.6977035025876068,1.0,0.046861009465632104,0.08945202966746378,0.0,0.0,0.0,0.43470501670294026,1.0,39.669521162765776,0.34370699557513384,0.5420961807619255,0.43592311316389326,0.974219585328922,0.9091775783860052,0.4989841210087495
110201,0.9813374946387805,0.962092945578222,0.962092945578222,0.4810895749749568,0.9874429798289307,0.05120557554840789,0.0,0.0,0.023616102770128305,0.012272421297600842,0.3768216077673161,1.0,47.965895543511834,0.41253272169899013,0.46878253899898725,0.5312174610010127,0.8476161929016908,0.8676887482248599,0.658160218583781
110205,1.0,0.9889261049787442,0.9772936509092764,0.35330242887040136,0.9534701837221291,0.0,0.0,0.0,0.0,0.0,0.32050193320476533,1.0,40.13014289975479,0.47385319713509677,0.20564486966013787,0.7943551303398622,0.9871227320316268,0.9244414861312581,0.6551160405598754
110206,0.9360855612396946,1.0,1.0,0.13624070007565983,0.9922822048125326,0.09587165814045817,0.0,0.0,0.0,0.0,0.16579738761513416,1.0,45.26835275399533,0.5686666257401786,0.3272591418396721,0.6011086242125551,0.8468813875852295,0.74709299741611,0.47100838882744156
110207,0.9771676175420312,1.0,1.0,0.20845106612641492,1.0,0.07115098692156507,0.012634901101406339,0.0,0.0,0.011284224901706538,0.31689734460566793,1.0,44.0270638803147,0.5500255010704332,0.4785033726193209,0.5100804361516947,0.9563210508248567,0.9258739726985785,0.6106800980807047
110210,0.9771878886844664,0.952871141063153,0.952871141063153,0.02382496860973617,1.0,0.008160553661981634,0.14120336544140724,0.04814171623104957,0.0,0.0,0.37797872671415883,1.0,46.565373324276365,0.37027381402300136,0.4362654392304541,0.5170974808442761,0.910636556667015,0.8425400713411978,0.7019716257298841
110301,0.9540688177375672,0.9765786735293386,0.9765786735293386,0.9688538264518514,1.0,0.0,0.044048703068760645,0.0,0.0,0.0,0.30689176540348145,1.0,48.92683025379186,0.5257108896130116,0.4043537946149691,0.5493298210795653,0.9446153592363358,0.9082379376894927,0.5740348202700774
110305,0.980805971637982,1.0,1.0,1.0,0.981783051584641,0.07795776758237646,0.054019104660701645,0.0,0.0,0.0,0.38585337683970955,1.0,44.31629942115698,0.600580473947238,0.40765677824053836,0.5667828434113872,0.9694117523561622,0.9259249782539494,0.6223271488950285
110501,0.9900374664028854,1.0,0.9901766612834325,0.989741555803122,0.9800749328057706,0.059268054692412496,0.009761052502624063,0.0,0.0,0.0,0.30895778345506153,1.0,44.93481535361496,0.5015498607024166,0.4281377067395513,0.543591123204426,0.920202660257797,0.9466242639520405,0.6983313288858025
110507,0.959357908377521,0.9806542332779057,0.9603331874666662,0.0,1.0,0.040642091622479025,0.0,0.0,0.0,0.0,0.469040316900015,1.0,47.45107707938508,0.31410979164469943,0.39291235013242465,0.5461245124338568,0.8321809424158535,0.880294579181048,0.5642247041966112
120101,0.8459352528110129,0.9851688636160999,0.9556051811940125,0.9681163329167456,1.0,0.004392230231938972,0.030115826607296288,0.01632298106353856,0.0,0.0,0.32195663654556406,1.0,45.51770279843623,0.452009258820234,0.4917977836701802,0.48364878094755565,0.8701150327339756,0.9242594517419296,0.7188556958393506
120107,0.8069693943156087,0.9776053894524017,0.9622786390551443,0.8596364442747654,1.0,0.0,0.033306704766590756,0.0072905286822998955,0.0,0.0,0.3499361433348483,1.0,46.61941342776691,0.39226148056084764,0.38231470924783967,0.4901031663899845,0.7746986194095496,0.8795660209309277,0.7195773999615043
120114,0.8844581729491326,0.9863239066522873,0.9865522846119025,0.9790150571928147,0.9864073419840056,0.04077827060748604,0.013362224823968453,0.0069115456040101785,0.020984942807185304,0.0,0.36470966257278453,1.0,50.003346733292574,0.3544644110865657,0.5222098716006511,0.4200357586918951,0.8711227448683401,0.9104514196656753,0.733449320012395
120133,0.9658556025585968,1.0,1.0,0.7803916762619204,1.0,0.07320277457935988,0.0,0.03660138728967994,0.0,0.0,0.4011719797609607,1.0,47.69860794057596,0.4838008943149983,0.2826863768513742,0.6681738702881331,0.8490574869427812,0.9142588598498275,0.8901958381309601
120301,0.844049536363226,0.965779396105203,0.965779396105203,1.0,0.6920145649468271,0.08710581859825649,0.09357317586007613,0.23954422726357893,0.0,0.0,0.3193549660107008,1.0,44.22719594643112,0.4991311809048095,0.3745211383387704,0.5415727612248495,0.9640807550844165,0.908213244076262,0.6639489815042746
120302,0.8476715260274368,0.9215454203192953,0.8954465885563979,1.0,1.0,0.1522923471876133,0.11134272684000483,0.16916820271125188,0.0,0.009640398200954768,0.3764590274888602,1.0,44.591466125916284,0.6711465949680135,0.29544695039978425,0.5815987373464201,0.8592260663311299,0.879120068711459,0.49781858949867497
120303,0.9655427058763231,0.946311141878049,0.9270783513956561,1.0,0.9261873644031285,0.13843217831863486,0.11793143069424075,0.05960092040223974,0.0,0.0,0.29536743790513575,1.0,44.234011121526365,0.5519898950657164,0.09367756492408683,0.7248769145397908,0.9069321899260887,0.8469803628213785,0.6549811278349174
120305,0.9618291718598418,1.0,1.0,1.0,1.0,0.0,0.010194672297026551,0.09080888432988095,0.0,0.0,0.4998586712551702,1.0,46.59285789109615,0.4672721382763315,0.36169823449458677,0.5856637093156905,0.6807358304082126,0.898038143117095,0.7203314428677453
120601,0.7166485320348109,0.9729082138612877,0.9472032839412021,1.0,0.9322705346532193,0.12813710206010973,0.0603054288404134,0.03678299112118339,0.0,0.0,0.22831265113177657,1.0,43.68602580867717,0.4723536875337649,0.26163206282703527,0.6616406949530262,0.6733450440169828,0.8598343685969936,0.6507455429169124
120606,0.9076784854817986,0.9044115983203586,0.9044115983203586,1.0,0.8539186235500817,0.4336830427169446,0.1924812626166131,0.23688570629691114,0.031289681404861935,0.0,0.3821866973516013,1.0,38.6398949998114,0.540329832755251,0.23593040210670854,0.6276417485622988,0.6094863139843711,0.7294999425950637,0.612561298617437
120607,0.8350792287948628,1.0,1.0,1.0,1.0,0.0740919305475005,0.16492077120513712,0.0,0.0,0.0,0.29560508070105507,1.0,40.163923525957,0.5394741480938078,0.2768680612997404,0.6856578998976303,0.91473242039212,1.0,0.6310656302403914
120608,0.9490192849413654,0.7943982665207115,0.6924368364034423,1.0,0.48599566630177876,0.23193152763098082,0.20560173347928848,0.10280086673964424,0.0,0.0,0.2039228602345384,1.0,42.95237703143086,0.7952377031430865,0.12829122426896156,0.7179271939327596,0.8509814817348089,0.4876745395465289,0.5114860238310961
120701,0.822536278314102,0.9759175020726036,0.9535297064015513,0.9761169100456847,1.0,0.024082497927396414,0.06359564079598716,0.08168123012677923,0.0,0.0,0.3377180000628349,1.0,50.10892851760199,0.43077119660346874,0.3140681578598195,0.6308433731481806,0.9423803829805515,0.9201935015260645,0.7809396785107394
130101,0.9595954955651156,0.9987999427714077,0.9935073854447747,0.9243267504947653,1.0,0.0,0.0017390426444470223,0.0,0.0,0.0,0.2623442073598299,1.0,49.10403258943575,0.38599915201108587,0.5706454442826576,0.4095731538309374,0.8627564173199269,0.9147940688427609,0.6731291487207202
130102,0.9518475862162131,0.9747990692483063,0.9520218617180463,0.8297247293628751,1.0,0.017397450557555035,0.028305044147130403,0.02437503041211637,0.004349362639388759,0.013479984740724591,0.44423913538363813,1.0,43.65256338678568,0.40761900162965387,0.3129260654658159,0.6121221742804215,0.9179402573038105,0.8990048764114064,0.6127567878100654
130104,0.9824822454965949,1.0,0.9649644909931898,0.8527372354617185,1.0,0.0,0.03761412379756857,0.056421185696352856,0.0,0.0,0.28663793688693606,1.0,48.77220193862692,0.46617893193513726,0.35535744598822117,0.5797702977736756,0.9164460021955758,0.8988029273597073,0.7438246172969246
130105,0.9708260665023281,0.9903174434451916,0.9758728884022699,0.8155571940763992,0.9927777224785391,0.0,0.06564759117914389,0.01102049164258575,0.005383411144443063,0.014444555042921676,0.3173299104410792,1.0,44.23356956282332,0.43016648941523256,0.3258427199122213,0.6519432417480607,0.9227557519083146,0.8346784879844674,0.686657228590052
130106,1.0,0.9532349285843087,0.9532349285843087,0.9181064921257029,1.0,0.016378701574859402,0.0,0.016378701574859402,0.0,0.0,0.3678941365403557,1.0,46.36782556865499,0.6054170104467561,0.34548046163753104,0.5787360165714955,0.9413044536995405,0.8027124347921919,0.775611664283156
130107,0.9845130185764875,0.9817852350412842,0.9817852350412842,0.9255964420638642,1.0,0.0,0.04375328685719267,0.02929502775904428,0.0,0.0,0.3320218123111827,1.0,48.08710123135667,0.4432790045156115,0.3344879423928502,0.6162091787743461,0.8893990170481346,0.8525349111288515,0.6163885718780595
130111,0.9182090939451212,1.0,0.996596022997049,0.9974079173053891,0.9682463929485942,0.0,0.04931766448643569,0.0,0.0,0.0,0.2818845991304453,1.0,44.173507449067905,0.4422621034843382,0.4557546325222743,0.4984791637914152,0.9128806257725335,0.9518503972534899,0.807547094876401
130205,1.0,1.0,0.9483771320801523,0.8362316243882636,1.0,0.0,0.051535133591317416,0.0,0.0,0.0,0.4105257354734072,1.0,46.185628728660895,0.4202260882960009,0.3190737410947518,0.6205894360268314,0.9224894509198968,0.8956278162835218,0.722375314705799
130401,1.0,0.9804469316670509,0.9108925978898996,0.9392765466001156,1.0,0.0,0.0,0.06498721882711646,0.0,0.0,0.3622209340075905,1.0,48.15669697384593,0.41487455931328476,0.3076584060763844,0.6864814450957826,0.9320093463589553,0.8934139604697533,0.7606211987505741
130614,0.977032422311751,0.8595925114857932,0.7616074083972206,0.818429931368002,0.9543627928039665,0.0,0.0,0.04563720719603349,0.0,0.0,0.22228467670126825,1.0,50.73114584497934,0.6601264383825417,0.05234789589253909,0.9248335005094441,0.8482658800880402,0.49996619395048514,0.5422565083106445
130702,0.9765664783355628,0.9846505857998122,0.8342542168059836,0.5257534395528507,0.977285586758337,0.023433521664437244,0.0,0.01808880956592533,0.0,0.0,0.3649454418114029,1.0,50.983995438704774,0.5338235451143085,0.21881938643133972,0.6602404196316919,0.8860328342541204,0.8593011599709566,0.8071236218762144
130704,1.0,1.0,0.9321327889257007,0.7501509882296276,1.0,0.0,0.04379517009307855,0.0,0.0,0.0,0.24895269454592742,1.0,50.069942478669496,0.3978902101790135,0.432212633952237,0.5458897810012238,0.8972449565532354,0.9440889643897747,0.7280624924401926
130901,0.9731655006336628,0.9718618176069579,0.9718618176069579,0.5230340894856241,0.9899241198129215,0.01778035900597998,0.05936179265680123,0.05615838244346779,0.01924800289005207,0.0,0.2471660029443618,1.0,41.96039316675533,0.48276523292031115,0.2850744748181921,0.5866700017813967,0.7645324224210557,0.8775286370579327,0.4488174671203472
131001,0.9699768846442139,0.9303993917719159,0.817129842961863,0.8417160207597121,0.9737055406954718,0.0,0.026294459304528253,0.14538972957983537,0.0,0.0,0.29580823717413746,1.0,50.13650152624887,0.5608990986600236,0.17641003608345848,0.6607341484946208,0.9538066689271723,0.6946972461523915,0.6044165738343065
131201,0.96349007003866,1.0,1.0,0.945297049302508,1.0,0.0,0.0,0.0,0.0,0.0551134949191609,0.2549441460372463,1.0,41.305948063951696,0.5089432852200397,0.32154141346578075,0.5324221675374557,0.8238233365957129,0.864894377424655,0.6328129421861621
131202,1.0,1.0,0.9669684722380844,0.27655953917468584,0.9669684722380844,0.09909458328574706,0.06606305552383138,0.0,0.0,0.0,0.395349784549285,1.0,37.37409483517516,0.46450024180661115,0.03387349351846301,0.8523510490846735,0.8807493722307624,0.9871183910783159,0.48159167951103193
140101,0.9506186735511454,0.9918161585810116,0.952598071694783,0.9810279155594338,1.0,0.003751223159286871,0.032540911294484436,0.02314537592752892,0.003264963767172947,0.0,0.32873145576819435,1.0,49.146085557736825,0.3689094093835023,0.41218174655299944,0.553282442428167,0.588604432242134,0.8810630882852829,0.6175929105473209
140102,1.0,1.0,0.9006849292188893,0.9251466900188856,0.9251466900188856,0.0,0.0,0.0,0.0,0.0,0.24930110030312155,1.0,57.399872524085815,0.4510062502126387,0.17493713284904905,0.7525158134303085,0.8430712491946228,0.7262718771931433,0.7273200388397494
140105,0.9808784734745741,0.9509661291381795,0.9251444743763246,0.9269355687621976,1.0,0.0011773606826575897,0.0634357667254947,0.011594199942045556,0.0,0.014711953105225314,0.34215670675210585,1.0,45.52888913091537,0.41791537212486085,0.35729462083100005,0.59402640625913,0.670339645091743,0.8552517542094281,0.5571203851623334
140106,0.9369271266180973,0.9962044515016648,0.9857505568219659,1.0,1.0,0.0,0.045555457252691146,0.0,0.0,0.0,0.3345844105568128,1.0,47.231643732328614,0.4660805188568607,0.3892452805387686,0.5723952239975811,0.7768958433957406,0.896910925814561,0.540912156645443
140108,1.0,0.9484753215489954,0.9231339090722738,0.9760930527907963,1.0,0.0,0.025341412476721552,0.0,0.0,0.0,0.3455529155781954,1.0,46.005641629587906,0.36129267840231366,0.22153239573379213,0.7127292156180948,0.3309217214023093,0.8045005186609222,0.5870975382024809
140112,0.9806553961588127,0.9806553961588127,0.9497754838748089,0.9599598561994125,0.9932376844791058,0.0,0.0,0.0,0.0,0.013524631041788521,0.2899264964483955,1.0,45.34490783768837,0.3948624632262484,0.372968508138205,0.586426959079207,0.8354027099009207,0.8928500727597692,0.4930238582401195
140113,1.0,0.9560995423075042,0.9385520250153592,0.8635300884960914,1.0,0.027231984210433074,0.05446396842086615,0.0,0.0,0.0,0.30951490791644337,1.0,43.007693915848655,0.37173596712028045,0.23325512630195322,0.7395128894876137,0.848286497759575,0.8465735230119923,0.627342541405565
140118,0.9804990883624422,0.9700459106088992,0.8725413524211101,1.0,1.0,0.0,0.05990817878220159,0.11820317739966303,0.0,0.0,0.1749828037805245,1.0,47.379653558840836,0.4407615117746136,0.25892700656972906,0.6975896509139401,0.7768008319948524,0.724165247907257,0.5929073673222417
140120,1.0,1.0,1.0,0.6932478371944776,1.0,0.0,0.0,0.0,0.0,0.0,0.20340019972916623,1.0,48.40892574478309,0.5133075851605894,0.45061157664052925,0.5215018631044233,0.7900254076912253,0.8865699262877779,0.6267376588728116
140201,1.0,1.0,1.0,1.0,1.0,0.0,0.018509083782498974,0.0,0.01889785440078281,0.0,0.27165642489494407,1.0,46.60857480126426,0.38051805067517414,0.36192075882350133,0.5653649491661722,0.47175857485873834,0.8914080829166443,0.6068204092864631
140301,0.9735366789625349,0.9935032773738997,0.9633629439787867,0.9784306988070728,0.9879756793024608,0.0,0.006496722626100401,0.0,0.0,0.0,0.2873274694664485,1.0,46.576900250221215,0.4298489948789617,0.41474651061947565,0.5786569555411067,0.7576745023129823,0.8777944827028918,0.5328588817987093
140305,0.9221706345983414,0.9429795700497172,0.9275363986656122,0.8380659607979991,1.0,0.04519996657439248,0.09527361239321429,0.0,0.0,0.0,0.15987828923003913,1.0,49.44349225764842,0.6173651426995267,0.14217602269008886,0.7426535698314229,0.3609391445614674,0.7626717885749889,0.5477980992760653
140306,0.9894142999993942,0.9565210703335044,0.9459353703328987,0.8841574878252958,1.0,0.10811333632694246,0.0310852630713928,0.0,0.0,0.020228971056890227,0.1975641639386069,1.0,44.92796818396611,0.6110767646949993,0.12729267821340726,0.789394571894256,0.6490943865735312,0.7162537122988414,0.3883126896523279
140307,0.9868904381300624,1.0,0.9659660100486545,1.0,0.9886553366828849,0.0,0.0,0.0,0.0,0.0,0.21924119512436405,1.0,45.696652612834846,0.4752829344098733,0.38240799561198446,0.5949026777537851,0.7410821926149598,0.8925835082477869,0.5216111352052494
140308,0.9455081156891567,0.9264069148340259,0.8752687689084082,0.614458068128188,0.8760122648285031,0.05856505088587963,0.10938046077341583,0.12309412923298758,0.007345868714151608,0.021174033535840384,0.24920152154123457,1.0,44.26463545686535,0.5381270366502537,0.18893243676451674,0.7445274051230035,0.7909205577458511,0.7823560348403501,0.4510828231865823
150101,0.7804293404475885,0.9810187899157388,0.9366281292498815,1.0,1.0,0.0,0.041822199781547234,0.0,0.02160266314642439,0.03122999382877562,0.31460811172259995,1.0,50.65539333638784,0.44732455616243477,0.4929341668275312,0.47320947228367555,0.8030045332851067,0.8910380498722874,0.6790154969751638
150102,1.0,1.0,0.9503488297173995,1.0,1.0,0.0266962949755693,0.049651170282600424,0.0,0.0,0.0,0.42195552409170567,1.0,45.390922878651615,0.44862646582586896,0.3399959293307287,0.6600040706692714,0.8998958911421929,0.9306268969938176,0.6039664385301705
150103,0.9605470947117375,0.9819314473223277,0.9264019977606212,0.990154642478947,1.0,0.02486528080200453,0.03665115784507675,0.006273670189161584,0.0,0.0,0.29280784522548386,1.0,45.7144079681851,0.40859537378353544,0.3848756733262465,0.5706413744712906,0.7455835990216737,0.9070600341211953,0.5436188354389068
150105,0.7737572870686826,1.0,1.0,1.0,1.0,0.0,0.0,0.0,0.0,0.0,0.3100820923190243,1.0,46.81419257637903,0.26873287717834393,0.6744404311566357,0.3255595688433643,0.9365340399230987,0.9359860388454018,0.6301907819084356
150106,0.9956141937189958,1.0,0.9098849902653896,0.9248827684069466,1.0,0.0666472070834651,0.009890582583921288,0.031819613988942175,0.006484115886781548,0.0,0.26283031325707945,1.0,44.17771588311712,0.41369028262245866,0.36057591230726566,0.62866705501171,0.8828889338259648,0.9036341907608239,0.5441791118692278
150107,1.0,1.0,1.0,1.0,1.0,0.07711792484556947,0.0,0.0,0.0,0.0,0.2798630685177062,1.0,51.9067573940971,0.5059693233843856,0.5895583440590818,0.41044165594091814,0.7468305034669633,0.9141265130413613,0.6352956631210323
150108,0.9873456508901284,0.985092050757448,0.9500689619705437,0.9883758306165695,1.0,0.0,0.03348887890745585,0.006327174554935795,0.0,0.0,0.26200034296849406,1.0,47.73815662024334,0.48776100537393524,0.3782584294263436,0.5883349459045099,0.5684191670614588,0.9177398563974368,0.5841986232545966
150110,0.9616369163980838,0.9915339800128151,0.9369672171278381,0.9945924614626649,0.9948968589829097,0.028284944773693227,0.04961473043515984,0.0,0.0,0.0,0.3394494251100976,1.0,45.7889711159719,0.3506999070110322,0.45276982452103187,0.5211397785387766,0.8474481238160168,0.9095231751034399,0.5884139496853216
150111,0.9233428392557571,0.9944270944605134,0.9846685678511514,1.0,1.0,0.015331432148848585,0.05924122772744018,0.0,0.0,0.0,0.28606759834168694,1.0,46.23735579013525,0.3993298455438312,0.2755778942314696,0.687999732081297,0.602767099336539,0.9474346892829757,0.5122580747461798
150112,0.9538281619393786,0.9716249309991174,0.9385624681427969,1.0,1.0,0.05963850183670303,0.05653394930782113,0.0,0.0,0.0,0.30987262353575024,1.0,46.04458118394503,0.5003583157394229,0.34189647946378404,0.6581035205362159,0.7073163546922198,0.9310136680938833,0.6919414183276967
150113,0.9498346570926431,0.9865876809328772,0.9832782190308811,1.0,1.0,0.0,0.042721312154059256,0.0,0.0,0.0,0.4153830751718841,1.0,52.02646730633338,0.29373467584882457,0.7372513391740556,0.25033554933849017,0.6818987259393816,0.9805281574499765,0.7148701294995722
150114,1.0,1.0,0.973965192321755,1.0,1.0,0.0,0.0,0.0,0.0,0.0,0.18924962984418275,1.0,53.01458892355385,0.502487232815806,0.7750145813707393,0.1976817463517222,0.9362143376739487,0.8629153321674551,0.5071083551564424
150115,0.9233353996920861,0.9895649461577197,0.9104032469672506,1.0,1.0,0.006876514484018315,0.020870107684560515,0.0,0.0,0.0,0.33458153602001695,1.0,45.02366561255883,0.380811708249043,0.3064985826925235,0.653025139631276,0.7102296249941829,0.9024779754133561,0.5629871009162782
150116,0.9139169571636014,1.0,1.0,1.0,1.0,0.0,0.0,0.0,0.0,0.0,0.23089856940108291,1.0,48.01671208760408,0.4704915615372212,0.6338250303374969,0.36617496966250307,0.9348089834989409,0.9656529013168561,0.6610293903858041
150117,1.0,1.0,0.9909179786402973,1.0,1.0,0.0,0.018970931536390543,0.0,0.0,0.0,0.35085355406517493,1.0,46.227160352717235,0.41315398524853797,0.4698290008417526,0.5220202149419737,0.8548689019563205,0.9373347413523861,0.49222229966719355
150118,1.0,1.0,0.9838563318114792,0.9801164350451211,1.0,0.0064408609282906246,0.0064408609282906246,0.012858010503032927,0.009702807260230175,0.0,0.35458318196591915,1.0,48.57729522883729,0.4421482785314649,0.2752105971699277,0.6746857446250176,0.6413703458636092,0.8783533243146125,0.5139167892634721
150119,0.8474485608691851,0.9821037286054628,0.93400079450594,0.8670181105143332,1.0,0.0,0.030603387413024912,0.0,0.0,0.0,0.38392085734425474,1.0,43.345140730232536,0.5464685706295225,0.5216767242475406,0.4298536853709683,0.7288182380697786,0.9314084148732943,0.5391676345599106
150120,0.9324295557106806,1.0,0.9471798391675218,0.9549530371404538,1.0,0.0,0.0,0.0,0.0,0.0,0.4374942256063807,1.0,49.57066094068452,0.3892950084393436,0.5198606111116507,0.4801393888883493,0.8896626894175395,0.9585688952802661,0.5862169968387353
150121,0.9138337276376846,1.0,0.9862107770441366,1.0,1.0,0.0,0.0,0.0,0.0,0.0,0.26832756565703103,1.0,56.24289319430975,0.3766801206041584,0.6389563842107697,0.3610436157892303,0.779999129422662,0.870984297296669,0.6745663693658056
150122,0.9870704308254945,1.0,1.0,1.0,1.0,0.0,0.0,0.0,0.0,0.0,0.5427342297002766,1.0,58.15297967288445,0.34422649924515475,0.7786064641502253,0.22139353584977473,0.968963815615539,0.9415820009925738,0.7511997873121006
150123,0.9305057943673758,1.0,0.967905714036435,1.0,1.0,0.06881727606038836,0.0160471429817825,0.0,0.0,0.0,0.3207173265466246,1.0,38.48968581304239,0.47418777879547663,0.24001285054038887,0.7261831205054383,0.6076021974446397,1.0,0.4796204674659381
150125,0.9804577710373377,0.9877109403284993,0.8940023868443373,0.9035346109477216,1.0,0.04210532731778215,0.01941556185592975,0.01535840688584444,0.029430938205238306,0.0,0.27856323660063054,1.0,44.86096768767285,0.5051065004213606,0.348871553473447,0.6151450286027905,0.9056138902781283,0.9042117843393529,0.5393682680853109
150128,0.8747834752524997,0.9912483618424379,0.9361112872660023,0.9792208410943716,1.0,0.018008370165005214,0.10130694012243976,0.025147978875154707,0.0,0.017503276315124203,0.33920733887975746,1.0,47.37808695146298,0.4262080314147248,0.35115685409433733,0.5949482007411208,0.7319297564034016,0.8833933392575464,0.6481477062533054
150130,1.0,1.0,1.0,1.0,1.0,0.0,0.0,0.0,0.0,0.0,0.1866696004643744,1.0,52.904066777574116,0.4450398608461639,0.8001549166347928,0.1998450833652073,0.93676515364076,1.0,0.6199909776171691
150131,1.0,1.0,1.0,1.0,1.0,0.0,0.0,0.0,0.0,0.0,0.3377710783300877,1.0,53.98704388551851,0.5195941496043837,0.8211939884640195,0.17880601153598052,0.9145994245468442,0.9665836597873658,0.5298700329516549
150132,0.9657951667385222,0.9863113412030791,0.9330803397697498,0.9501294396306067,0.9980745527082084,0.06283419137570047,0.04291097109467348,0.016684414115592624,0.01712089682353751,0.002066726422229807,0.30946910554415485,1.0,45.59120058825786,0.45951768842819357,0.30946878783247994,0.6575365072898786,0.5989683210113628,0.8974631384746694,0.5279320313335709
150133,0.9591773658261862,0.9797381178707765,0.9703807246891082,0.9837237397745415,1.0,0.01893302183384889,0.09702041430919178,0.0,0.0,0.0,0.27956337217302357,1.0,47.55296008028729,0.43118416454639835,0.33278105987064716,0.6236317403714458,0.6249280457202527,0.891230858507915,0.5498337024632088
150134,1.0,1.0,1.0,1.0,1.0,0.0,0.017141853697793943,0.0,0.0,0.0,0.3035930887525022,1.0,49.40991008555375,0.4609015717673029,0.40836888664551946,0.5744892596566866,0.7403590789015899,0.969772646011163,0.4705310134415213
150135,0.9894966794770353,0.9910804721340792,0.9283594613733269,1.0,1.0,0.014747934105206315,0.05317279650123769,0.0,0.003739696235986123,0.011714660457946292,0.2500820659202839,1.0,47.77732673433229,0.49596872856673196,0.37114136509184575,0.6082193816288859,0.7418720195005231,0.9011727751711912,0.531084889518062
150136,0.8035139989291161,0.9763307444453332,0.964859189184515,1.0,1.0,0.0,0.0,0.0,0.0,0.0,0.3436320806802862,1.0,49.04191419428485,0.4597176350586848,0.6370798614447948,0.3392508830005384,0.9354511541313172,0.8908964576777775,0.554856855109148
150137,0.9906255728037867,0.9936226559878101,0.9508282464188366,1.0,1.0,0.027774548796676672,0.0665664407616362,0.0,0.0,0.0,0.34300737235920614,1.0,45.87949727652898,0.48167429997562883,0.350426837997565,0.6404400293780104,0.8430437054893765,0.9398367796106449,0.5519974266501874
150140,0.9866201011469248,0.996020668290896,0.9919664513929025,1.0,1.0,0.024100645821292396,0.038995959345899375,0.0,0.0,0.0,0.23836255898137765,1.0,51.35582734628149,0.46540918125499087,0.7194765797077614,0.2765440885831346,0.8817978735550145,0.9368594057795044,0.5844077999722292
150141,0.8292724075023893,1.0,0.9055347861485139,1.0,1.0,0.0,0.0,0.0,0.02438965607108724,0.0,0.38577165789654416,1.0,57.95790298572712,0.4606045406896273,0.6549702676246256,0.34502973237537443,0.8063464282859852,0.9680652295894889,0.7880221693735759
150142,0.9379544709063138,0.9845586617485824,0.9730430306200996,0.9769580987555135,0.9956629181148666,0.04287017577079526,0.0101455309487601,0.0,0.0,0.0,0.28655615025577363,1.0,45.81677958084,0.4887023303889949,0.3270039646210104,0.6496910732291096,0.6338347039796618,0.8968271982353898,0.5792910136661773
150143,0.970788054064758,0.9887786546426977,0.9290238541870857,0.9825140789613621,1.0,0.031299043336784536,0.023064676868120155,0.037228663194008735,0.0,0.0,0.2797345014217028,1.0,45.98590233023277,0.5461012960254573,0.38690116937152375,0.5664610408002171,0.802247080967279,0.9395272720003265,0.5611289088488578
150201,0.9095423817229105,0.9865294300147105,0.9723695427350114,0.8564676648370446,0.9947835961781423,0.0,0.012211455882581077,0.022304007851680047,0.0,0.0,0.3513219936723222,1.0,47.4535837467592,0.5068194809776896,0.3770514113986196,0.5626388632596305,0.7835764249190615,0.8702112360718278,0.5323659614289162
150202,0.9678021421492486,1.0,0.9380805888399829,0.7741070544418804,1.0,0.06454084158803415,0.0,0.0,0.0,0.0,0.30020132512811415,1.0,47.445043264327175,0.4937512869489509,0.26323265227533366,0.6126741683804243,0.6846755645665461,0.8511012082350529,0.6982702708280801
150203,0.9277776678588306,0.9743678584116865,0.9743678584116865,1.0,1.0,0.14664892749414338,0.0,0.0,0.04923319353464696,0.0,0.4060813885724387,1.0,46.90121831568007,0.4201832577541278,0.22842772674148723,0.6699726649413363,0.9375649655489336,0.9011299814495269,0.6506420741375951
150204,0.9222953271047474,0.9641965008058082,0.9641965008058082,0.9728660848720535,1.0,0.06230155171342767,0.07742723031416998,0.009650245555561893,0.0,0.0,0.33450440661096864,1.0,46.040516914453995,0.5726266734437787,0.18146799112375775,0.7118769939560786,0.622879568282983,0.8283919460715888,0.5341715262016038
150501,0.9863357274388225,0.9690995922208483,0.9367987599329536,0.8401600943527419,0.9542823499741665,0.09216755036202677,0.0,0.015826929773094772,0.0,0.0,0.41302027339745284,1.0,48.10283484605829,0.43428845901719554,0.35979845665190446,0.5677511909536115,0.6991864527916839,0.8892183888852212,0.5640025793905341
150505,1.0,1.0,0.9703448929291132,0.19659324984027413,1.0,0.12972769985468816,0.02965510707088679,0.0,0.03446430281961512,0.0,0.2921085247983578,1.0,45.33226085811224,0.45140227492290447,0.32184112795354286,0.6485037649755704,0.9031937189186661,0.9406897858582264,0.5066028286507646
150507,0.9308645367500131,0.9961240192385911,0.9430687090899944,0.8522108260966388,0.9677469810554189,0.05466633098360734,0.0,0.06630252446033903,0.0,0.0,0.44240554078544064,1.0,43.73893586679245,0.38461927138872487,0.31737317021208783,0.6787508490265032,0.793777842819963,0.9390872566903431,0.5127745456474926
150509,0.9756404332641855,1.0,0.9633231923708632,0.8100879561634671,1.0,0.0549567468047902,0.0,0.0,0.0,0.0,0.31240020871711555,1.0,46.08495642354458,0.5333502228628108,0.39701349660341073,0.5561106357444606,0.9433573409235312,0.9070804530981582,0.387912528696231
150510,1.0,0.9625126104252938,0.9625126104252938,0.7920983084209128,0.9821687667826328,0.07323433974545505,0.0,0.0,0.0,0.0,0.22419065289298543,1.0,43.23888055115558,0.5377647683025636,0.4079179006672498,0.5550834859322232,0.7922755621593569,0.7961136636956253,0.5177900699588089
150601,0.9566069289971457,0.9902215651653431,0.9325068511537222,0.9364856836090079,0.9923383281945514,0.04555198127783302,0.02998984897823229,0.061918934422938034,0.0,0.014700961283487251,0.4116830045344892,1.0,46.14617115231802,0.4650987454875704,0.2601752128775095,0.7094861003541777,0.7966463481930404,0.9226280229009751,0.6285096869936357
150604,0.9394017242016914,0.9697008621008457,0.881069915719743,1.0,0.7273077589076115,0.12044106249116375,0.0,0.0,0.0,0.0,0.44214638416633945,1.0,45.050406942913085,0.34717468941573765,0.11893008428025703,0.8507707778205887,0.8681123886772681,0.8173537441648713,0.5837751950012112
150605,0.9933728972144975,0.9932758903279226,0.9453690507794585,0.8711846243866592,0.9943189627625622,0.016604768379821947,0.09507375323810978,0.0,0.0,0.0,0.2949787701970892,1.0,43.588696368177935,0.38242718208957743,0.30354063714059426,0.6470879079205246,0.9194514862268603,0.9582162948286909,0.6223161665728294
150801,0.9346410377040887,0.9806115433624005,0.9563068201318141,0.9019257820513196,1.0,0.08385652207177813,0.047055367773747074,0.0,0.0,0.0,0.311880983943306,1.0,46.05790464045032,0.4504573455745659,0.4107491331684167,0.5839782153864402,0.7962376225904522,0.874809832733672,0.6206259523933969
150805,0.9047801768241662,0.9786138894735259,0.9786138894735259,0.8979355495376469,1.0,0.0,0.0,0.06804296697490211,0.0,0.0,0.16853522729834722,1.0,45.96724065097476,0.5846187992327929,0.39205277254299303,0.569078582889571,0.688085946729252,0.8950307061554019,0.4385614480234068
150806,0.9810926025001878,0.9810926025001878,0.9621852050003756,0.9810926025001878,1.0,0.0,0.07646468701338802,0.01752763775247716,0.0,0.0,0.264250631577334,1.0,48.853081127367155,0.46131630906819354,0.4117265905702817,0.5589581043830364,0.7516759736966228,0.9010626654263244,0.5929012101546381
150810,0.9395300471807202,0.9822805117871324,0.9510264616560851,0.8763405917327279,0.9696346960261422,0.08356370226965756,0.14249340046135264,0.055537134524247474,0.0,0.0,0.366446264402358,1.0,46.19147982941781,0.6319336136556634,0.33143299742895466,0.5668258529304869,0.776405399446637,0.9204943890443816,0.6525850253891988
150812,1.0,0.9818252682744961,0.9818252682744961,0.8360239693757011,1.0,0.06741747068787489,0.0,0.0,0.0,0.0,0.3257070327056725,1.0,43.81814670006134,0.4849271972486168,0.38430232405719755,0.5801841385904482,0.820097362864342,0.8598548440313235,0.5447526677850808
160101,0.9549670033336262,0.9998759540546496,0.9911725648463865,1.0,1.0,0.11991513472760226,0.04064499047609192,0.1719979750087097,0.0,0.0,0.28358800678321416,1.0,43.65362202351909,0.42942501006727735,0.47270067739364935,0.5098220489740359,0.9256031009569333,0.8603680605407169,0.6246745778480333
160106,0.9620437569783648,0.7950753254287162,0.7571190824070809,0.14337918093584387,0.47798721214697787,0.018978121510817618,0.11356093277332871,0.6452366638790402,0.01890117243792337,0.07568163882458773,0.2349683355280386,1.0,42.757818140765195,0.7443750287158557,0.12924303574669616,0.8707569642533038,0.8258288141959614,0.6248108753416173,0.6796050311914166
160108,0.9682459189782249,0.9760466927504614,0.9657027539216937,0.868614277932067,0.9348628349013864,0.21000560080990438,0.12308464260242728,0.42736412457848233,0.0,0.0,0.2867433244132786,1.0,43.39967379917298,0.5250401066647776,0.24626879427762233,0.698679254475683,0.8675068262117996,0.796051005683729,0.536674689250874
160112,0.9607844231744271,0.9754239116924655,0.9572494740705411,0.9505358260163632,0.9818261952547886,0.19603244610156245,0.058890098591847,0.3643572759658066,0.0,0.009497562874237099,0.2546520432937611,1.0,42.45552662508803,0.5459482716498207,0.2751188400594477,0.7004422203495372,0.8771152883985419,0.7525981315520334,0.5625204649204624
160113,0.9863987456787966,0.9606023103664395,0.9291477821322446,0.918984377812344,0.9739358773301636,0.29092940438756104,0.038003444055965854,0.43069724145151383,0.005620436577712457,0.017800713648359626,0.29758884012016545,1.0,41.0803734184028,0.5721762142744543,0.31589810908027915,0.6693272304200408,0.9456672069512849,0.8090904906404375,0.5993561481318582
160201,0.9997273470987927,0.9809751122608522,0.9487749398305438,0.7154920368403813,0.9883943248623289,0.14890786307376544,0.0379653086791511,0.32378042528097933,0.009446545746529521,0.0,0.2987277062630651,1.0,41.490646643282595,0.5346378712610458,0.2591325892405879,0.7171866028074644,0.786320713503119,0.8535397880690424,0.5582824707204007
160202,0.9378127572787005,0.7414713850601952,0.6479373488171554,1.0,0.3738829728110688,0.1869414864055344,0.03109362136064977,0.5823074102275646,0.0,0.0,0.059250891175189314,1.0,34.380497676455754,0.6573793338582123,0.12475424368423485,0.7600600837531325,0.7695376004374442,0.21203581859341844,0.15265834133768388
160301,1.0,0.9356938692508435,0.894601571764254,0.6837146458790809,0.6264828774921681,0.2956800149077832,0.16807085485278844,0.20587692053598172,0.0,0.036721755394196615,0.13932562021449865,1.0,45.355967445236054,0.724723595773404,0.12896996914618214,0.7819723626623121,0.703806128790739,0.610980065497908,0.4663108126322555
160401,1.0,0.9890057257704146,0.9890057257704146,1.0,1.0,0.11420935125674517,0.010994274229585481,0.09665128767214436,0.010994274229585481,0.13210220714023924,0.11207745487060672,1.0,41.75942017854087,0.7144766218581371,0.32293809379949623,0.6132267491148226,0.8272920757216831,0.6942851774862113,0.5252711471838319
160403,0.9412197395305639,0.8235979209233928,0.7648176604539567,0.4995370575497587,0.5885381767139473,0.0,0.0587802604694361,0.1175605209388722,0.02939013023471805,0.02939013023471805,0.14707324651018797,1.0,36.767024376512715,0.6469506511735903,0.1175605209388722,0.7942690883569736,0.6957821866106295,0.6176831162754699,0.3824394790611278
160501,1.0,0.8976204232827235,0.8976204232827235,1.0,0.9739182490976451,0.3537864579464599,0.05021607491256684,0.37073453545995394,0.0,0.02608175090235484,0.29867071648063137,1.0,46.66449532860853,0.7009901304680553,0.3261848415056768,0.6738151584943232,0.9227050426164575,0.6954870028429401,0.6525582291144566
160601,0.9384433680174242,0.984610842004356,0.9230542100217802,0.29517365146881663,0.8461084200435605,0.1472139154941588,0.06155663198257583,0.4212590074843126,0.0,0.0,0.24975223590783144,1.0,43.76764477322512,0.611848843705827,0.39024968246266245,0.5789720015460497,0.8805079608006459,0.7886689082940515,0.6912516763388067
160605,0.8946360836359554,0.8502845955811403,0.8502845955811403,0.0,0.7591721946751824,0.13971629709612177,0.13573800819945722,0.04994168403811111,0.02634097909101117,0.02634097909101117,0.22277234711355665,1.0,46.19134104507054,0.6733659959135566,0.08031577587352366,0.867002265944454,0.5881385201140942,0.6187511558975991,0.5925647737495189
170101,0.8853478831347936,0.9891075848228061,0.905368908565865,0.9143612371150501,0.949546194727337,0.08845287405658464,0.1089020836777166,0.023983994100796508,0.0015337160709385331,0.030574368937230326,0.39079823156742527,1.0,41.15180428128693,0.5160671271094751,0.3745565658201741,0.5923910677279531,0.8406327762249365,0.9196608432958118,0.3749818023967513
170102,0.9454555166390549,1.0,0.8985545984036671,0.9229327193743241,0.9844787507138975,0.00856727883798966,0.10626695661918246,0.05835764347605087,0.0,0.0,0.4854371154968806,1.0,51.09095769673215,0.5941512455792797,0.1731013935167532,0.5748518728372521,0.9208016417131675,0.8391960586064539,0.6799526639162617
170103,0.8700663065578039,1.0,0.9511698592184581,0.8689491164968409,1.0,0.06733250222694766,0.009385301815627387,0.0,0.0,0.0,0.5707091015022823,1.0,39.84370648165257,0.6278065211251985,0.2613820504328153,0.7278811857299219,0.6986454344621149,0.9535880350538384,0.32838240290861237
170203,1.0,0.9876957253647138,0.9468749123463666,0.9583447475884811,0.7367512734746103,0.04051301380589058,0.055437560275386995,0.36654563537109824,0.11627818217688667,0.0,0.19984276577953486,1.0,39.30092500907791,0.850046451614975,0.21364211292844507,0.7706355823566909,0.7743061752808619,0.9722812198623065,0.1498734199802785
170204,0.826346222009411,0.9540445518699875,0.9319606156361532,0.2660942441850901,0.9719696686943005,0.011212132522279825,0.30898017697881386,0.250684127506385,0.0,0.0,0.3248278295304367,1.0,39.89857848687054,0.5336872405987382,0.284433784553513,0.6640047010553346,0.443594125807687,0.9466832397920427,0.21879797378238264
170302,1.0,1.0,0.7652352851292482,0.9392198150076516,0.9803158104583911,0.2303720570876987,0.2249226200999473,0.0,0.0,0.0,0.28587122446992547,1.0,42.321379469350155,0.48940738750729185,0.17507412178263657,0.7082768743879939,0.6062825675438404,0.8307777793594441,0.24439811371140646
180101,1.0,0.9827245881101984,0.9827245881101984,0.9970563470616451,0.9723668668262749,0.07041990037984194,0.030798549821583553,0.033831072006779324,0.0,0.0,0.398908665368738,1.0,45.5843313284333,0.47255043075680636,0.4819846722454938,0.46089067094200464,0.7841161490519999,0.9307581319631217,0.5525279176937605
180104,1.0,1.0,1.0,0.9775687344821435,1.0,0.07377000009496221,0.0,0.015397756026132805,0.0,0.0,0.40562988351071955,1.0,45.40779806291338,0.4586310013093404,0.6090140556509613,0.3438226642165417,0.7825433713689564,1.0,0.6408425618300446
180106,1.0,0.9440124547734282,0.9440124547734282,0.9153800762936731,0.8616263731988301,0.08876702663563596,0.0855765541051171,0.026398536348026448,0.0,0.0,0.3510548511882369,1.0,51.21349641650624,0.6193561399332177,0.35360358190883523,0.5672008090470855,0.7390324986053763,0.9254181414728404,0.6306513428656301
180204,1.0,0.8781662628769419,0.8781662628769419,1.0,0.7932355094047914,0.04594766457671302,0.08810895909286211,0.04594766457671302,0.0,0.0,0.3679563118309308,1.0,53.378410608604575,0.7076647254901677,0.2718979524858645,0.5728961969911717,0.7185699072701561,0.7310615580117494,0.5844550435800029
180301,0.998148312325008,0.998148312325008,0.988653916275528,0.9047138148640044,1.0,0.05217569776288643,0.02644951958833707,0.020474096850731434,0.00035631543204513394,0.0,0.38905278550284456,1.0,44.82099523306929,0.42552847601688387,0.39793222118544724,0.5670488038834655,0.7981139889509741,0.9273869235922078,0.5813720115121382
180303,1.0,1.0,1.0,1.0,1.0,0.0,0.0,0.0,0.0,0.0,0.17669607093096754,1.0,43.387344792848104,0.4491557860282051,0.8036932400158412,0.17874992293814793,0.9837092078400538,0.9824431629539891,0.6191127549428048
190101,0.7882345703099896,0.9959131824085011,0.9768311978586995,0.05199132072714094,1.0,0.0,0.01865362583325257,0.01579590310736135,0.0,0.0,0.32730229780474396,1.0,42.05728298325917,0.4487711263534707,0.43744675466635674,0.5249284521933653,0.8939181663609662,0.9587675659676931,0.6836684922121088
190107,1.0,0.9762668758401366,0.9762668758401366,0.9837932811562141,1.0,0.0,0.02261431910487023,0.07963174471568912,0.0,0.0,0.2452042739760286,1.0,49.00516194871177,0.6193172574754787,0.22000199526602265,0.6180796532803432,0.814276710278807,0.899094987981731,0.6752398391731563
190109,0.9125966908005104,1.0,0.94299117006928,0.48597815650587994,0.9415311833234318,0.0,0.10361462487199989,0.29007980044597803,0.0,0.0,0.19758951137477243,1.0,43.90142596979271,0.6983124706917752,0.2621160043622821,0.6886111940094277,0.9193201858705944,0.990255197220572,0.819518454605874
190113,0.9413584950918531,0.9894890924488828,0.956797880312912,0.35039775277310486,1.0,0.0,0.015408380637052055,0.028300484915681656,0.0,0.0,0.1938533819243005,1.0,46.53616223663324,0.5224216283165681,0.5035968671145509,0.4342022003990869,0.844571982460364,0.9449656867004503,0.7293170282947293
190201,0.9770031255727384,0.921985159626922,0.908694291221219,0.992228445755146,0.9320962682948657,0.0,0.13128539177655618,0.04444791861553238,0.023716322668539843,0.0,0.30242162537741246,1.0,50.81896014702807,0.5529086039843968,0.2702618494157956,0.592075328284962,0.831325881146272,0.9015622657034364,0.6903701070332905
190301,0.9449245100762886,1.0,0.9565884478341915,1.0,0.9565884478341915,0.0,0.026415280465576764,0.06511732824871273,0.0,0.0,0.4678558823988322,1.0,51.96616492926807,0.4340298714464276,0.409486724038629,0.41113360524743264,0.8551853386367478,0.871436912506165,0.7182529698413619
190306,0.8414386510761183,0.773222065573677,0.7564234685888307,0.8204095713494235,0.6253034016498444,0.1446437052458459,0.1114546158807105,0.18602297988036096,0.018228899152459597,0.0,0.3827090738773507,1.0,40.70096935765302,0.6052116892167839,0.11741863874494633,0.7612940198452053,0.8735850806119555,0.6357556857119018,0.4728376218147953
190307,0.9158864201735986,0.96536753276828,0.96536753276828,1.0,1.0,0.11639360600374105,0.061293722985837185,0.12634917270734053,0.0,0.03865364046079586,0.41229693106099685,1.0,48.471056907512924,0.5423920506843343,0.20532721513742122,0.6372730973436616,0.9187678500900268,0.8265979125489525,0.525539354894414
190308,0.8998236845423953,0.9353184672057447,0.919375558232433,0.7572227871641273,0.8715468313124977,0.15792749753549265,0.052347588537669354,0.25119064441171585,0.057290182067476804,0.0,0.2985013961531619,1.0,38.53625291119723,0.6670323317266398,0.2359765856204079,0.6594780674848271,0.8387494731312383,0.8715468313124977,0.6599642324737618
200101,1.0,0.9900669476958315,0.9801338953916628,0.6903093306647927,1.0,0.12720006171141063,0.0,0.0070411040538792165,0.029799156912505703,0.0,0.2733296641769448,1.0,47.082287525337726,0.4377720184208926,0.4835306563391822,0.5024011083420696,0.8878599236897381,0.8465792848163523,0.7098616726132482
200104,0.9775544344227833,0.9973934563708375,0.9083920798854616,0.6365347697137489,0.9939666309317603,0.20986643199506008,0.034821366650916674,0.02656592310553598,0.006033369068239671,0.01973574426713968,0.3486189414532539,1.0,42.2667028384662,0.5220687790955512,0.2961453295536111,0.685808591821343,0.8070038714324698,0.9025778452556251,0.6275004023627431
200105,0.9872832269908864,0.9361236758181303,0.9109056153915036,0.549557820545977,0.9875336474117825,0.22944828171127443,0.024932705176434904,0.012466352588217452,0.0,0.0,0.24870700091813314,1.0,44.070732407628995,0.47101216859829853,0.29485647383206925,0.6019315540879342,0.7270688010866306,0.7444296767802914,0.5114721255514951
200107,0.9690174791061125,0.8424171558099953,0.8424171558099953,0.625524945262998,0.9684834311619991,0.24982319770944425,0.03151656883800093,0.03151656883800093,0.03151656883800093,0.0,0.187944736530724,1.0,45.146432918677235,0.6240239463294972,0.18670347942438761,0.6574889814360575,0.8234733254041874,0.4670617306926608,0.5329382693073392
200109,0.9685404194245143,0.9691599257570787,0.9062407646061073,0.45830510825386345,1.0,0.24919861927362824,0.026544068852964484,0.2158805197004495,0.0,0.0,0.23631060310375762,1.0,48.92361724857404,0.5465698645306643,0.168475930230265,0.6119265120738995,0.72672356574459,0.6051930202916788,0.5318233293631005
200110,1.0,0.9371563080612832,0.9015930305997515,0.2039353958835336,0.7866203352308092,0.38045205653635394,0.0355632774615318,0.3522400558601163,0.0,0.0,0.27519211048251424,1.0,41.40573274960495,0.5834863658704112,0.08363585590992216,0.867060999363613,0.8682791783905013,0.6424025998856381,0.47935732606830544
200114,0.9763635664604162,0.9554756260914976,0.8846555869652433,0.0,1.0,0.12110385058396059,0.01624748509450723,0.1432881894418566,0.014777896890152988,0.0,0.16327868995308276,1.0,43.42815886806697,0.7420588466586846,0.14194934909011542,0.7449206387336132,0.7387512029866026,0.6920836606593774,0.43344686961954504
200115,0.9696091047473254,0.9888054178959192,0.9378804854240482,0.8224079168145109,0.9823475887368825,0.35049643069766007,0.0,0.0,0.0,0.0,0.3572677503280303,1.0,41.93984052330941,0.40288972522339533,0.3235804389856081,0.6394581315575357,0.7252321485455167,0.8607395424731945,0.5719828869005238
200201,1.0,0.9211073298089721,0.9211073298089721,0.7543078377974993,0.8941595765651389,0.04408497998098516,0.0,0.216052873387324,0.0,0.0,0.1640512255197999,1.0,47.237706147219285,0.7377524391914185,0.24483775433097024,0.7282144924251964,0.5829625171832198,0.7290475359526128,0.566629512057676
200301,1.0,0.9397355526001907,0.9397355526001907,0.9446321177707295,0.8267119125374293,0.17679772623209591,0.06026444739980925,0.20717293853090385,0.02888134791042845,0.0313830994893808,0.36628130703464346,1.0,52.244426264488034,0.5308791558940944,0.0,0.8105164191974524,0.4438842094004681,0.6874857728188816,0.5809595003024044
200304,1.0,0.9301909253123618,0.9047650076227857,0.8724261545463321,0.9556168430019379,0.0,0.020797672113901464,0.025425917689576135,0.0,0.0,0.24646501456491166,1.0,45.19977650420134,0.519911522811058,0.2580881932733058,0.5861890638324722,0.6917096970355248,0.7210175862611863,0.48820597873284965
200401,0.9479740018125973,0.9651129176362037,0.9651129176362037,0.7276948490491035,1.0,0.04064795421452076,0.0,0.028076710420583708,0.0,0.0,0.2510596885410597,1.0,47.48444082354581,0.5480411360712545,0.27931123849029865,0.6531583833221498,0.799764865359206,0.7276922172637806,0.6341971029843188
200501,0.9968532529025127,0.9842662645125636,0.9706303604234521,0.2006085144649293,1.0,0.05280289239777546,0.031691053111113386,0.03347650837005356,0.0,0.0,0.2481412339146359,1.0,40.082253328113524,0.44164536816442074,0.39251142187359656,0.5963297420030523,0.8737949474940123,0.9216807125569506,0.6834100566918776
200601,0.9743939561671656,0.9859256459127865,0.9251915190830854,0.431909585501555,0.9790961332941265,0.07343898128133236,0.016557013413046984,0.02483552011957048,0.0,0.016603411622397934,0.33263285140556165,1.0,44.07989324743738,0.5058911831881366,0.37455316469981964,0.6085197755517784,0.8404546090630498,0.8610660817541681,0.650482845096885
200602,1.0,1.0,1.0,0.7053211728547389,1.0,0.0,0.0,0.0,0.0,0.0,0.20204601180836704,1.0,46.926143691880284,0.583568587569718,0.4803345393297526,0.5196654606702474,0.7931745773081309,0.7959848346834331,0.5425307433082993
200605,1.0,0.9846561086910216,0.9846561086910216,0.23775579189196167,1.0,0.20281588761240044,0.11248319778205325,0.11248319778205325,0.11248319778205325,0.0,0.22112433515310245,1.0,43.876261554601264,0.507877595355856,0.22112433515310245,0.7788756648468975,0.8955990789948688,0.9318178181213589,0.5074662959531224
200607,1.0,0.9830771863325517,0.9830771863325517,0.09397044349605238,0.9841944557547047,0.015805544245295382,0.0,0.0,0.0,0.1590952467095469,0.24966956724938827,1.0,45.73509146955798,0.5559956837671589,0.20309884357227645,0.7810956121824282,0.8121117656309152,0.7687554133374325,0.724515176978381
200701,0.986451484532407,0.986451484532407,0.986451484532407,0.05172830150452709,1.0,0.19257567062877046,0.0337138810827763,0.08380752929931266,0.0,0.006616850147590419,0.2360357600982825,1.0,43.29886326862395,0.4903461635689227,0.2911251986334689,0.6615917793595115,0.9034835798533911,0.8602875564363905,0.5776791834313777
200801,1.0,0.9812785487932119,0.965714132205024,0.17063833987726143,0.977811653292777,0.13118853584728235,0.0,0.043624730787855864,0.0,0.0,0.2963878954447597,1.0,39.581688752184164,0.6405800803654667,0.2402235418243952,0.7597764581756048,0.8658747806561847,0.8414593873586115,0.45247971087310973
210101,0.8322741052831794,0.930320591585856,0.9025477083566927,0.7373233771065928,0.9684696933165116,0.04004413790519775,0.04167513700449257,0.09089312941006034,0.00024684022775387404,0.0,0.4609794920335599,1.0,51.511747582759966,0.5221321805238105,0.44410707352917594,0.47931007629716743,0.7562654932106627,0.871859122756745,0.6529625919142658
210501,0.8993480050368394,0.9100961358811683,0.8941565896279999,0.8533734020908471,0.9693422421480167,0.0,0.012756581099594641,0.06142329464186454,0.0,0.0,0.4210519750095026,1.0,48.295624586516915,0.5621543151704063,0.17779800790936628,0.7004398646631796,0.7193594109575798,0.7929380113023529,0.6185269217380458
210801,0.9254787274333874,1.0,1.0,1.0,0.9541129189270203,0.0,0.03801698166142991,0.0,0.0,0.0,0.3734204186030907,1.0,50.907557289646505,0.5350575486336709,0.34368964023501103,0.5799834761063026,0.5100106841478991,0.9520239388265724,0.637636085687309
211101,0.8856178147865345,0.9751294312465637,0.9255874352500113,0.6825911178359952,0.9824833593597019,0.0,0.16045750734944728,0.052804724765744805,0.026937246837736722,0.0,0.32642775679909125,1.0,42.64488645596248,0.5974848264145833,0.32704894450055316,0.6250638077592222,0.658696080434831,0.9026688564919161,0.4902955635082319
211105,0.8847248998128711,0.9815105923172956,0.9815105923172956,0.709404093106838,0.9907552961586478,0.0,0.06968859037601959,0.03465420318946407,0.01155140106315469,0.0,0.38530092159725476,1.0,40.261836530835915,0.4576416795414113,0.3283183922041339,0.5717968076093789,0.5329316896147928,0.9776370087125803,0.5832300436090248
220101,0.9569588682638379,0.9975968897794097,0.9887358880783716,0.8589276974553769,0.9259399040112986,0.15627704339003512,0.04601600986684256,0.039324394367557206,0.0,0.033863672897505664,0.24213109375583686,1.0,42.807705108457995,0.6101335678581713,0.21052317558939856,0.7528839942364557,0.8583890646991373,0.8515835098397809,0.6104832400951749
220104,1.0,0.9412387297825765,0.9074557141755532,0.9117905008420661,0.8817594453754181,0.21958960144565212,0.0675660312140468,0.0,0.0168915078035117,0.0168915078035117,0.18446781234889192,1.0,42.89310986537593,0.7567222899888181,0.05880989766229002,0.8405104422615082,0.8775390479834628,0.7480147838819278,0.5121544339327658
220201,0.9857376601320174,1.0,0.9857376601320174,0.3974127237221657,0.9155258530743433,0.05606412949623624,0.0,0.05606412949623624,0.0,0.0,0.28389267658351497,1.0,45.3967310120935,0.6212053523833543,0.15090876937609451,0.7684515994587574,0.584294921590486,0.9297308617890535,0.5298754104525574
220301,0.9414770840494507,1.0,1.0,0.22858610301948118,0.9796971507377394,0.19431261798315524,0.056878080455886874,0.0,0.0,0.17556874785164775,0.10981154994478845,1.0,39.257395045725545,0.5747995328400631,0.19431261798315524,0.6495948307219783,0.6818872893009066,0.8602656870004087,0.9121361348121344
220510,0.9655793483052723,0.9656192779959926,0.9656192779959926,0.5756999868500838,0.9413432544908655,0.07038809461096142,0.0,0.046112071105834346,0.0,0.0,0.17271693532151047,1.0,42.68875573244834,0.5864183621968357,0.2408647024816538,0.7356725993146924,0.8768992707513217,0.7693997147801079,0.6199458292086496
220601,0.9871434616688084,0.952673589112699,0.8685495743170188,1.0,1.0,0.17782798436769906,0.08500207470010926,0.34971112867620513,0.0,0.12265902901603883,0.21636299858805783,1.0,48.321820694994535,0.710597513862258,0.2033274566668012,0.721339925204461,0.8797815300669332,0.8833917280966872,0.7481995671563709
220801,1.0,0.989275836424099,0.9530394763328089,0.8445936603760709,1.0,0.038851584905982284,0.08319688375848118,0.0,0.0,0.0,0.3165154540517581,1.0,40.929525609191906,0.6150989841802118,0.21676748996241182,0.7081445650403158,0.9056933571408357,0.942317735645472,0.5930614585685224
220804,0.9937459674203891,1.0,0.9756002246116616,0.8443617280242732,0.9815207607086066,0.13161449416597976,0.07794763858521477,0.0,0.0,0.008927373710993457,0.28008527971250247,1.0,44.82074342514784,0.5881191245561429,0.2450640635833623,0.6187561778338786,0.7865643321735872,0.9080471938470644,0.6820362233892754
220901,0.8906468237071644,0.9960696729340476,0.9881931550247471,1.0,1.0,0.004281807065568549,0.04824815723668859,0.0039461908433479,0.0,0.0,0.38148066320077606,1.0,44.869528573777764,0.44954296375794156,0.45489828561142664,0.537225196479273,0.6832697276664924,0.9228355684115599,0.6620904858553017
220909,0.90128131292518,1.0,0.9410917795482561,0.8451322489302251,0.9928070589681599,0.06960101507101764,0.04019359786861168,0.02245810926400087,0.0,0.0,0.35335699863097036,1.0,43.81297685413646,0.48734002676975957,0.31431660515527765,0.6669456315870491,0.7559593259218291,0.8278471393441375,0.5690798141453759
220910,0.8479859613829416,0.9837065531279625,0.958126404279593,0.9891150135030824,0.9837065531279625,0.02558224782624179,0.07564613078844498,0.0,0.0,0.0,0.35686068283045663,1.0,45.45432483298566,0.509588752601751,0.46733422225335963,0.49199272783152936,0.734030232233218,0.8937976273394491,0.673425052418042
221001,1.0,1.0,0.9597415468610035,0.6023877933545515,1.0,0.2173580103680998,0.0,0.16299151110138765,0.0,0.015130620417154251,0.23839539130700835,1.0,45.74642865461469,0.4307270274854496,0.2869169407892478,0.6891731581634409,0.6292651080446997,0.938541571442338,0.8176759488986975
221003,1.0,1.0,0.9393362243395963,0.8793247467880753,1.0,0.46709089657589564,0.10243929455649449,0.02088775944804541,0.12132755132080733,0.06266327834413622,0.19172614719025363,1.0,38.87164739347099,0.6451707825928482,0.10435123283702032,0.8956487671629797,0.4006349764888601,0.9335128450948121,0.4441160700409109
230101,0.9823192779108716,0.9873779963818043,0.975701753859977,0.9924226074747431,0.9886361231661195,0.029896699343256276,0.013701254351549971,0.0,0.0006594371151533842,0.0,0.3744934256916515,1.0,50.68519467353789,0.4676321115053932,0.5415817435428054,0.3915133858758586,0.9121324260049692,0.8979269858749758,0.6961739182391813
230102,0.9333351720389156,0.9978348100583919,0.994336284433417,0.9932404477773918,0.9981825034500165,0.07439216328850103,0.0,0.0,0.0,0.0,0.3338337174692446,1.0,43.74799912157149,0.35757987952503645,0.18284579333808526,0.7842174994541904,0.8694565927036535,0.9256024837201807,0.47580472756272874
230104,0.9725886620543536,0.9880995686687098,0.9702489216717747,1.0,0.9956199360333782,0.004380063966621796,0.0,0.0,0.0,0.0,0.5147654175372216,1.0,45.4921029585256,0.37118422842181786,0.25305685973907227,0.6603458538650044,0.8756787420602028,0.9110544435533112,0.6669525438112708
230108,0.9436292212410434,1.0,0.954163524124749,0.9486803136772057,0.9949204512501691,0.04470281530288891,0.005079548749830806,0.0,0.0,0.0,0.3058377365603798,1.0,45.883477462226864,0.3521106769026316,0.4173065274950726,0.5338789330356862,0.9785441288287967,0.9065757762261604,0.6673116202251664
230109,1.0,0.9637620421035893,0.8470435140786693,0.8407352168766348,0.9151442240454857,0.28369730496111384,0.009881010885272198,0.013423816633066948,0.02634936321692617,0.0,0.4975733052919856,1.0,46.56289369676726,0.4354460758281018,0.2334535028015223,0.6331526043037651,0.8681087136425268,0.8880547409491034,0.6824495360430557
230110,0.9817867666335183,0.9847729923649446,0.9496868468379625,0.9856967984479739,0.9922197348261892,0.026443703310205683,0.04435991152061467,0.0,0.0015427374866779852,0.0007713687433389926,0.36317213700212486,1.0,43.43001854980803,0.4441954266482287,0.30855598631207054,0.6596931319003275,0.8670925113634276,0.9029616482219694,0.5993113633821734
230111,1.0,0.9883218473036042,0.9766436946072083,0.30646470432633593,0.9328805267212695,0.38836741834113564,0.10365343961301234,0.027720660291167286,0.0,0.0,0.2857200128842397,1.0,41.86636669156778,0.5727639845994641,0.15955982972376248,0.7589836193013985,0.7792133174186375,0.9109944071009475,0.6670479699576003
230302,1.0,0.9376179941286111,0.6838062260800929,0.987042895604338,1.0,0.025273110346899386,0.0,0.06233153407924861,0.0,0.0,0.2534469416937082,1.0,59.9375730730795,0.7627847256154233,0.10155808431840088,0.8734357286666529,0.88609186976821,0.6919844458376081,0.5490063300721024
230401,1.0,0.9743453973892658,0.9091256014260554,0.9117111102619324,0.8973815895570636,0.0,0.03260989798160524,0.0,0.05130920522146823,0.0,0.31135723306138957,1.0,43.73173332384945,0.5395038677723265,0.3501312427473474,0.6172588592710473,0.7085921367342145,0.9673901020183947,0.40364918732481875
240101,0.9889371651171893,0.9868612624490102,0.9515675540207184,0.7261127117597541,0.9911736141142484,0.15175224105162,0.0406745029377403,0.057108247744433925,0.01383791029037675,0.0,0.2731986199294591,1.0,43.70898050934172,0.4689852585824353,0.376343822693583,0.6000671155423107,0.5087892342854831,0.906410991460482,0.5871285967771166
240102,1.0,0.9642611395077477,0.9269330423167872,0.18674902666631701,1.0,0.07519340035929609,0.001546384896721442,0.03790112420292754,0.03357659678157706,0.0,0.24813276526995642,1.0,41.444035648899316,0.4358429603830236,0.29179546979572835,0.6819772278280383,0.36370139201882556,0.8568046001456127,0.6297678100166433
240103,1.0,0.9985785860794941,0.9104614910670396,0.007904718028313705,1.0,0.12170951830389157,0.0014214139205059105,0.046526152894265656,0.0,0.0,0.2670455033633844,1.0,46.54523288000599,0.6878507673456218,0.36664320350411944,0.603746408805264,0.9210857891211425,0.9985785860794941,0.7400382730404381
240104,1.0,1.0,0.8166124405112426,0.1843970504833567,1.0,0.16649349150449191,0.0,0.06023317142073879,0.0,0.0,0.2841888562791952,1.0,51.0272548412547,0.557807781754092,0.2457834650162488,0.6874080566111532,0.5551222387452753,0.9229181625050301,0.6236173824136134
240105,1.0,0.9381879202127341,0.8754161093100916,0.3183449829259224,1.0,0.14934815788588215,0.002771358260280885,0.006184103056327253,0.0,0.0,0.169185562832593,1.0,47.813467873429964,0.7174192988289467,0.2798444039411249,0.6851507717685641,0.3658558994931151,0.8359371573913205,0.8790880702328796
240201,0.9848728698125587,0.9697457396251176,0.9697457396251176,0.019491433413876713,0.9966353753949182,0.0430706628952764,0.0,0.06671202447920954,0.0,0.0313678010960969,0.22279237069462277,1.0,42.725698386303854,0.5540483590305055,0.27613822562310497,0.707052331886913,0.6993363254450145,0.8874191004769401,0.5799735305570648
240202,1.0,0.9044798301613667,0.8089596603227334,0.035202616521804855,0.6497593772583444,0.3468075660849121,0.0,0.0,0.0,0.0,0.21944733963340102,1.0,43.85187286853203,0.5292652641203202,0.2831274528591566,0.6850324905279657,0.4308112498874853,0.9044798301613667,0.6265019622873252
240301,0.9864497242096237,0.9659773199562823,0.9462626197337316,0.506331795442353,0.98574389632313,0.21697217056051238,0.026106040563532752,0.0663249896327653,0.013550275790376237,0.0,0.33459328222757845,1.0,42.67907011924455,0.5843271892103344,0.3354531156581835,0.6378560659397379,0.5267476784565913,0.8994353846977475,0.6468367917604247
240302,0.9829543604763137,0.9990792332981039,0.9659615826673477,0.7020679708169146,1.0,0.15458695659535404,0.0,0.0,0.0,0.0,0.30525163638663105,1.0,40.38817942923279,0.5750735950514758,0.2256360407738017,0.696903055732566,0.5738081981292026,0.9476603260498545,0.5147883559423228
240304,1.0,0.9143741727916704,0.8993914096649033,0.9723825322984215,1.0,0.1095587014019934,0.0,0.10060859033509671,0.0,0.0,0.06351033125960974,1.0,41.05332785104214,0.7407482210419086,0.10938625573839544,0.8749016163830808,0.9278721018390461,0.89382230700382,0.5994620928787836
250101,0.9505178337758854,0.9876872381087072,0.9663600170232229,1.0,0.9262311035502241,0.19099262101431538,0.09055224739722562,0.07998819816071116,0.024433415567091873,0.004893389879668382,0.3391712487187108,1.0,42.04886781171514,0.5851734494970748,0.28209729225571517,0.7055206595632586,0.7763752667569237,0.8527704081541087,0.5717086606551145
250102,1.0,0.9893875863806363,0.9785529902359187,1.0,1.0,0.29468769177982385,0.0758421730130229,0.03183891585212112,0.0,0.0,0.38372924160642313,1.0,43.837852709635584,0.5808435244545772,0.11726137266941955,0.8719040311858629,0.6729103761126093,0.8372390486243904,0.5943810585728179
250103,0.752626343449486,0.7821576333979842,0.6886200582358102,0.7727272727272727,0.34523697386478247,0.4387745490269564,0.37291437431952584,0.030767216277668024,0.062152395719920976,0.06153443255533605,0.4381565858623715,1.0,42.7471956169198,0.8430741027887352,0.06277035888450591,0.875695208560158,0.7997371262882949,0.5335480505183002,0.5015449079114623
250105,0.9913628990976574,0.9857653710242071,0.9590997913202985,1.0,0.9528920320923584,0.23427788222840512,0.1311679356205176,0.22825964431571463,0.011938384700322997,0.007825449765755709,0.35516923634235087,1.0,43.010853373579266,0.5913482050082703,0.27684561271036573,0.7028847703250678,0.8099636119010732,0.8746391913371504,0.6386896912745668
250107,0.9724282777964987,0.9923057669089878,0.9811165300086261,1.0,1.0,0.15356239220605736,0.02915735910749121,0.08147546113185608,0.03659756400549035,0.0,0.29030687751875367,1.0,39.85065096749672,0.5811057094529128,0.2451939369944282,0.743497825073872,0.8498552425206206,0.8624220192423845,0.5425526764070631
250201,0.8555145801215862,0.8569731610025834,0.8256008481339332,0.980902320893488,0.7467150397712586,0.3063289408688216,0.1756857388441293,0.07650978509726429,0.02726477676285526,0.01092330220160961,0.294937149795217,1.0,38.324199001969596,0.6342097123053179,0.24551155092659843,0.6626722511552124,0.9206379614387395,0.7313337541125914,0.5746780037340719
250301,0.9612547949045444,0.9715745149027762,0.9715745149027762,0.8340382969473426,0.9616107435933178,0.10864449628014926,0.09092524913814935,0.15883139210432223,0.01189477304376223,0.01154426474986773,0.48352779078871094,1.0,41.844063354745195,0.5267826786676287,0.24022068656005435,0.6645280181192174,0.845083681248644,0.84608507895756,0.631804691106293
250302,0.9889244369178413,0.9556977476713651,0.9556977476713651,0.6463355848704115,0.7715355088496847,0.07433465453643033,0.16987283807609646,0.2523158926339029,0.01107556308215874,0.0,0.29478410215292705,1.0,40.52667141854546,0.5704037918270636,0.12443746549628974,0.7795505523835032,0.7099878299549591,0.7952935538457148,0.6618416920547754
